ISO,Country,yr1960,yr1961,yr1962,yr1963,yr1964,yr1965,yr1966,yr1967,yr1968,yr1969,yr1970,yr1971,yr1972,yr1973,yr1974,yr1975,yr1976,yr1977,yr1978,yr1979,yr1980,yr1981,yr1982,yr1983,yr1984,yr1985,yr1986,yr1987,yr1988,yr1989,yr1990,yr1991,yr1992,yr1993,yr1994,yr1995,yr1996,yr1997,yr1998,yr1999,yr2000,yr2001,yr2002,yr2003,yr2004,yr2005,yr2006,yr2007,yr2008,yr2009,yr2010
4,Afghanistan,,,,,,,,,,,,,,,,,,,,,,,,,,,,,,,,,,,,,,,,,,,,,,,,,,,
8,Albania,,,,,,,26000000,,,,,,,,,,,,,,,,,,,,,,,,,,,,,,,,,,,,,,,,,,,,
12,Algeria,,,,,,,,,6000000,,,,,,,,,,,,6000000,,,,,,,,,,,,,,,,,,,,,,,,,,,,,,
20,Andorra,,,,,,,,,,,,,,,,,,,,,,,,,,,,,,,,,,,,,,,,,,,,,,,,,,,
24,Angola,,,,,,,,,,,,,,,,,,,,2000000,0,,,,,,,,,,,,20000000,,,,,,,,,,2000000,,,,,,,,
28,Antigua and Barbuda,,,,,,,,,,,,,,,,,,,,,,,,,,,,,,,,,,,,,,,,,,,,,,,,,,,
32,Argentina,,,6000000,,4000000,,,0,8000000,,0,,7000000,,,,1000000,,,6000000,1000000,22000000,3000000,1000000,8000000,,,4000000,,,6000000,0,,10000000,4000000,4000000,,,,,2000000,6000000,,,,,2000000,,,,
51,Armenia,,,,,,,,,,,,,,,,,,,,,,,,,,,,,,,,,,,,,,,,,,,,,,,,,,,
533,Aruba,,,,,,,,,,,,,,,,,,,,,,,,,,,,,,,,,,,,,,,,,,,,,,,,,,,
36,Australia,,2000000,2000000,,,,,,,26000000,0,48000000,66000000,86000000,63000000,105000000,65000000,33000000,17000000,23000000,13000000,14000000,30000000,23000000,63000000,21000000,78000000,116000000,18000000,22000000,159000000,85000000,6000000,60000000,36000000,36000000,15000000,21000000,3000000,,,43000000,30000000,40000000,2000000,50000000,5000000,1000000,6000000,54000000,119000000
40,Austria,,,,,0,0,1000000,1000000,1000000,1000000,1000000,1000000,1000000,1000000,0,0,,,36000000,118000000,50000000,68000000,55000000,52000000,54000000,329000000,37000000,29000000,11000000,10000000,26000000,16000000,16000000,8000000,14000000,,,1000000,10000000,19000000,21000000,15000000,82000000,3000000,3000000,3000000,62000000,100000000,18000000,24000000,33000000
31,Azerbaijan,,,,,,,,,,,,,,,,,,,,,,,,,,,,,,,,,,,,,,,,,,,,,,,,,,,
44,Bahamas,,,,,,,,,,,,,,,,,,,,,,,,,,,,,,,,,,,,,,,,,,,,,,,,,,,
48,Bahrain,,,,,,,,,,,,,,,,,,,,,,,,,,,,,,,,,,,,,,,,,,2000000,,,,,,,,,
50,Bangladesh,,,,,,,,,,,,,,,,,,,,,,,,,2000000,,,,,,,,,,,,,,,,,,,,,,,,,,
52,Barbados,,,,,,,,,,,,,,,,,,,,,,,,,,,,,,,,,,,,,,,,,,,,,,,,,,,
112,Belarus,,,,,,,,,,,,,,,,,,,,,,,,,,,,,,,,,,8000000,,8000000,131000000,359000000,63000000,467000000,295000000,51000000,65000000,75000000,10000000,24000000,35000000,6000000,225000000,42000000,
56,Belgium,3000000,0,3000000,1000000,1000000,,12000000,,,5000000,,,,,,,,,2000000,3000000,1000000,19000000,40000000,87000000,94000000,2000000,,,49000000,25000000,1000000,1000000,,,27000000,267000000,70000000,90000000,45000000,44000000,24000000,36000000,35000000,15000000,47000000,161000000,58000000,18000000,228000000,242000000,7000000
84,Belize,,,,,,,,,,,,,,,,,,,,,,,,,,,,,,,,,,,,,,,,,,,,,,,,,,,
204,Benin,,,,,,,,,,,,,,,,,,,,,,,,,,,,,,,,,,,,,,,,,,,,,,,,,,,
60,Bermuda,,,,,,,,,,,,,,,,,,,,,,,,,,,,,,,,,,,,,,,,,,,,,,,,,,,
64,Bhutan,,,,,,,,,,,,,,,,,,,,,,,,,,,,,,,,,,,,,,,,,,,,,,,,,,,
68,Bolivia,,,,,,,,,,,,,,,,,,,,,,,,,,,,,,,,,,,,,,,,,,,,,,,,,,,
70,Bosnia and Herzegovina,,,,,,,,,,,,,,,,,,,,,,,,,,,,,,,,,,,,,,,,,,,4000000,,,,,,,,
72,Botswana,,,,,,,,,,,,,,,,,,,,,,,,,,,,,,,,,,,,,,,,,,,,,,,,,,,
76,Brazil,2000000,12000000,,,,,,,,3000000,,0,,,32000000,58000000,101000000,144000000,174000000,68000000,149000000,56000000,113000000,190000000,262000000,207000000,151000000,178000000,213000000,47000000,96000000,114000000,91000000,36000000,54000000,33000000,23000000,23000000,16000000,,,,26000000,,44000000,1000000,44000000,47000000,92000000,36000000,179000000
96,Brunei,,,,,,,,,,,,,,,,,,,,,,,,,,,,,,,,,,,,,,,,,,,,,,,,,,,
100,Bulgaria,,,,,,,,,,,,,,,,,,,,,,,,4000000,,,106000000,,,5000000,6000000,42000000,16000000,28000000,55000000,1000000,21000000,4000000,39000000,159000000,2000000,7000000,32000000,47000000,16000000,66000000,5000000,9000000,3000000,14000000,
854,Burkina Faso,,,,,,,,,,,,,,,,,,,,,,,,,,,,,,,,,,,,,,,,,,,,,,,,,,,
108,Burundi,,,,,,,,,,,,,,,,,,,,,,,,,,,,,,,,,,,,,,,,,,,,,,,,,,,
116,Cambodia,,,,,,,,,,,,,,,,,,,,,,,,,,,,,,,,,,0,1000000,0,,,,,1000000,,,,,,,,,,
120,Cameroon,,,,,,,,,,,,,,,,,,,,,,,,,,,,,,,,,,,,,,,,,,,,,,,,,,,
124,Canada,53000000,309000000,188000000,213000000,252000000,111000000,90000000,44000000,100000000,261000000,195000000,267000000,313000000,97000000,107000000,34000000,205000000,113000000,176000000,147000000,152000000,113000000,240000000,134000000,91000000,84000000,246000000,257000000,198000000,49000000,93000000,115000000,127000000,130000000,155000000,336000000,147000000,89000000,34000000,75000000,110000000,129000000,170000000,263000000,265000000,226000000,226000000,334000000,227000000,169000000,258000000
132,Cape Verde,,,,,,,,,,,,,,,,,,,,,,,,,,,,,,,,,,,,,,,,,,,,,,,,,,,
136,Cayman Islands,,,,,,,,,,,,,,,,,,,,,,,,,,,,,,,,,,,,,,,,,,,,,,,,,,,
140,Central African Rep.,,,,,,,,,,,,,,,,,,,,,,,,,,,,,,,,,,,,,,,,,,,,,,,,,,,
148,Chad,,,,,,,,,,,,,,,,,,,,,,,,,,,,20000000,,,,,,,,,,,,,,,,,,,,,,,
152,Chile,,,,,,,,,,,,,,,,0,,,0,,0,0,,1000000,,,3000000,3000000,5000000,5000000,,3000000,1000000,,,,30000000,,2000000,1000000,1000000,,2000000,,,,,,133000000,,
156,China,305000000,37000000,54000000,11000000,61000000,450000000,675000000,439000000,725000000,639000000,866000000,1271000000,1168000000,698000000,611000000,654000000,608000000,226000000,638000000,599000000,979000000,707000000,1590000000,1924000000,2189000000,1440000000,2099000000,3337000000,1960000000,1033000000,930000000,1317000000,735000000,1438000000,1136000000,1050000000,803000000,452000000,362000000,336000000,301000000,499000000,509000000,665000000,292000000,303000000,597000000,430000000,586000000,1000000000,1423000000
170,Colombia,,,,,,,,,,,,,,,,,,,,,,,,,,,,,,,,,,,,,,,,,,,5000000,,,,,,,,
174,Comoros,,,,,,,,,,,,,,,,,,,,,,,,,,,,,,,,,,,,,,,,,,,,,,,,,,,
180,"Congo, Dem. Rep.",,,,,,,,,,,,,,,,,,,,1000000,,,,,,,,,,,,,,,,,,,,,,,,,,,,,,,
178,"Congo, Rep.",,,,,,,,,,,,,,,,,,,,,,,,,,,,,,,,,,,,,,,,,,,,,,,,,,,
188,Costa Rica,,,,,,,,,,,,,,,,,,,,,,,,,,,,,,,,,,,,,,,,,,,,,,,,,0,,
384,Cote d'Ivoire,,,,,,,,,,,,1000000,,,,,,,,,,,,,,,,,,,,,,,,,,,,,,,,,,,,,,,
191,Croatia,,,,,,,,,,,,,,,,,,,,,,,,,,,,,,,,,,,,,,,,,2000000,,,,,,,,,,
192,Cuba,,,,,,,,,,,,,,,,1000000,,,13000000,11000000,9000000,,,,,,,,,,,,,,,,,,,,,,,,,,,,,,
196,Cyprus,,,,,,,,,,,,,,,,,,,,,,,,,,,,,,,,,,,,,43000000,,,,,,,,,,,,,,
203,Czech Rep.,,,,,,,,,,,,,,45000000,90000000,90000000,90000000,90000000,45000000,,,,,,,,,,,,,,,145000000,262000000,124000000,106000000,22000000,20000000,54000000,78000000,87000000,59000000,64000000,1000000,66000000,42000000,31000000,34000000,21000000,3000000
208,Denmark,18000000,,,,60000000,20000000,,131000000,33000000,3000000,,,,,,28000000,,,,,20000000,24000000,64000000,234000000,,,,121000000,42000000,,80000000,10000000,,241000000,326000000,8000000,,,1000000,6000000,20000000,1000000,8000000,62000000,173000000,,9000000,6000000,15000000,14000000,11000000
262,Djibouti,,,,,,,,,,,,,,,,,,,,,,,,,,,,,,,,,,,,,,,,,,,,,,,,,,,
212,Dominica,,,,,,,,,,,,,,,,,,,,,,,,,,,,,,,,,,,,,,,,,,,,,,,,,,,
214,Dominican Rep.,,,,,,,,,,,,,,,,,,,,,,,,,,,,,,,,,,,,,,,,,,,,,,,,,,,
218,Ecuador,,,,,,,,,,,,,,,,,,,,,,,,,,,,,,,,,,,,,,,,,,,,,,,,,,,
818,Egypt,,0,7000000,8000000,1000000,,14000000,,27000000,17000000,15000000,,,,,17000000,,69000000,89000000,13000000,27000000,75000000,78000000,69000000,38000000,5000000,18000000,61000000,65000000,59000000,17000000,,11000000,18000000,13000000,8000000,5000000,5000000,,,,,,,,,,,,,
222,El Salvador,,,,,,,,,,,,,,,,,,,,,,,,,,,,,,,,1000000,,,,,,,,,,,,,,,,,,,
226,Equatorial Guinea,,,,,,,,,,,,,,,,,,,,,,,,,,,,,,,,,,,,,,,,,,,,,,,,,,,
232,Eritrea,,,,,,,,,,,,,,,,,,,,,,,,,,,,,,,,,,,,,,,2000000,0,,,,,,,,,,,
233,Estonia,,,,,,,,,,,,,,,,,,,,,,,,,,,,,,,,,,,,,8000000,,,,,,,,,,,,,,
231,Ethiopia,,,,,,,,,,,,,,,,,,,,,,,,,,22000000,,51000000,,,,,,,,,,17000000,,,,,,,,,,,,,
234,Faeroe Islands,,,,,,,,,,,,,,,,,,,,,,,,,,,,,,,,,,,,,,,,,,,,,,,,,,,
242,Fiji,,,,,,,,,,,,,,,,,,,,,,,,,,,,,,,,,,,,,,,,,,,,,,,,,,,
246,Finland,60000000,1000000,,,,1000000,86000000,33000000,33000000,33000000,2000000,43000000,30000000,,63000000,63000000,,,63000000,63000000,,,20000000,,,,,,1000000,,,12000000,3000000,8000000,14000000,20000000,8000000,10000000,24000000,20000000,9000000,24000000,25000000,33000000,23000000,27000000,97000000,30000000,67000000,41000000,34000000
250,France,1171000000,1084000000,1523000000,1695000000,1896000000,1699000000,1731000000,1596000000,1873000000,1326000000,1777000000,2348000000,2533000000,2839000000,2122000000,2388000000,2110000000,2800000000,3207000000,2968000000,3697000000,3650000000,3641000000,3130000000,2807000000,3773000000,2944000000,1732000000,1827000000,2115000000,1673000000,1029000000,1056000000,791000000,764000000,942000000,1899000000,3149000000,3362000000,1813000000,1056000000,1297000000,1368000000,1345000000,2219000000,1724000000,1643000000,2432000000,1994000000,1865000000,834000000
258,French Polynesia,,,,,,,,,,,,,,,,,,,,,,,,,,,,,,,,,,,,,,,,,,,,,,,,,,,
266,Gabon,,,,,,,,,,,,,,1000000,,,,,,,,,,,,,,,,,,,,,,,,,,,,,,,,,,,,,
270,Gambia,,,,,,,,,,,,,,,,,,,,,,,,,,,,,,,,,,,,,,,,,,,,,,,,,,,
268,Georgia,,,,,,,,,,,,,,,,,,,,,,,,,,,,,,,,,,,,,,,,48000000,72000000,,72000000,,17000000,,,,,,
276,Germany,151000000,13000000,134000000,129000000,426000000,299000000,653000000,721000000,588000000,746000000,1430000000,1387000000,1383000000,212000000,1169000000,1481000000,1723000000,1902000000,1615000000,1432000000,1621000000,1975000000,1679000000,2384000000,2938000000,1367000000,1481000000,1113000000,1616000000,1321000000,1789000000,2492000000,1404000000,1597000000,2763000000,1507000000,1939000000,895000000,1799000000,1825000000,1625000000,850000000,916000000,1713000000,1105000000,2080000000,2567000000,3194000000,2500000000,2432000000,2340000000
288,Ghana,,,,,,,,,,,,,,,,,,,,6000000,,,,,,,,,,,,,,,,,,,,,,,,,,,,,,,
292,Gibraltar,,,,,,,,,,,,,,,,,,,,,,,,,,,,,,,,,,,,,,,,,,,,,,,,,,,
300,Greece,,,,,1000000,1000000,,,,,,,,,,,,,,,,,,,,,,,,,4000000,5000000,12000000,,25000000,,17000000,29000000,7000000,1000000,,2000000,,6000000,31000000,13000000,23000000,,,,
304,Greenland,,,,,,,,,,,,,,,,,,,,,,,,,,,,,,,,,,,,,,,,,,,,,,,,,,,
308,Grenada,,,,,,,,,,,,,,,,,,,,,,,,,,,,,,,,,,,,,,,,,,,,,,,,,,,
316,Guam,,,,,,,,,,,,,,,,,,,,,,,,,,,,,,,,,,,,,,,,,,,,,,,,,,,
320,Guatemala,,,,,,,,,,,,,,,,,,,,,,,,,,,,,,,,,,,,,,,,,,,,,,,,,,,
324,Guinea,,,,,,,,,,,,,,,,,,,,,,,,,,,,,,,,,,,,,,,,,,,,,,,,,,,
624,Guinea-Bissau,,,,,,,,,,,,,,,,,,,,,,,,,,,,,,,,,,,,,,,,,,,,,,,,,,,
328,Guyana,,,,,,,,,,,,,,,,,2000000,,,,,,,,,,,,,,,,,,,,,,,,,,,,,,,,,,
332,Haiti,,,,,,,,,,,,,,,,,,,,,,,,,,,,,,,,,,,,,,,,,,,,,,,,,,,
340,Honduras,,,,,,,,,,,,,,,,,,,,,,,,,,,,,,,,,,,,,,,,,,,,,,,,,,,
344,"Hong Kong, China",,,,,,,,,,,,,,,,,,,,,,,,,,,,,,,,,,,,,,,,,,,,,,,,,,,
348,Hungary,,,,,,,18000000,18000000,39000000,30000000,,,8000000,44000000,8000000,8000000,,,,,4000000,30000000,4000000,4000000,,,,,,,,,,21000000,,6000000,,24000000,,,,,34000000,,,82000000,,6000000,,,
352,Iceland,,,,,,,,,,,,,,,,,,,,,0,,,,,,,,,,,,,5000000,,,,,,,,,,,,,,,,,
356,India,,0,,,,,,,1000000,,,5000000,2000000,23000000,25000000,33000000,,,27000000,22000000,,,2000000,,,,,,1000000,,4000000,,1000000,7000000,2000000,2000000,,,,,16000000,2000000,0,4000000,26000000,19000000,33000000,21000000,11000000,22000000,4000000
360,Indonesia,,,,7000000,,,,,,6000000,6000000,,,,,,,,9000000,,4000000,,,,,8000000,4000000,,,,,,,16000000,16000000,25000000,,8000000,,49000000,,16000000,49000000,,25000000,8000000,8000000,,,,
364,Iran,,,3000000,,,,,28000000,,,23000000,5000000,106000000,6000000,123000000,84000000,,,,,0,0,0,0,1000000,1000000,1000000,1000000,1000000,1000000,1000000,1000000,1000000,1000000,1000000,1000000,2000000,1000000,0,0,0,0,3000000,9000000,1000000,2000000,92000000,,2000000,5000000,5000000
368,Iraq,3000000,,,,,,,,,,,,,,,,,,,,28000000,,,,,,,,165000000,20000000,,,,,,,,,,,,,,,,,,,,,
372,Ireland,,,,,,,,,,,,,,,,,,,2000000,8000000,8000000,2000000,,,,,,,,,,,,,,,,,,,,,,,,,,,1000000,4000000,
833,Isle of Man,,,,,,,,,,,,,,,,,,,,,,,,,,,,,,,,,,,,,,,,,,,,,,,,,,,
376,Israel,,,,,7000000,10000000,14000000,13000000,31000000,26000000,13000000,21000000,31000000,18000000,51000000,127000000,66000000,206000000,207000000,188000000,272000000,215000000,253000000,409000000,302000000,208000000,397000000,150000000,82000000,212000000,85000000,152000000,324000000,397000000,295000000,166000000,303000000,237000000,215000000,161000000,357000000,407000000,436000000,368000000,628000000,368000000,299000000,438000000,281000000,807000000,472000000
380,Italy,99000000,249000000,267000000,235000000,366000000,275000000,222000000,126000000,162000000,334000000,265000000,326000000,262000000,287000000,371000000,703000000,656000000,583000000,650000000,1324000000,1171000000,1691000000,1707000000,1189000000,1311000000,950000000,199000000,581000000,360000000,271000000,166000000,303000000,231000000,300000000,187000000,284000000,328000000,451000000,420000000,484000000,192000000,216000000,426000000,341000000,212000000,774000000,502000000,684000000,417000000,514000000,627000000
388,Jamaica,,,,,,,,,,,,,,,,,,,,,,,,,,,,,,,,,,,,,,,,,,,,,,,,,,,
392,Japan,,61000000,104000000,11000000,16000000,,5000000,,,33000000,,15000000,4000000,17000000,53000000,,,,9000000,58000000,179000000,,,45000000,30000000,74000000,99000000,,,15000000,30000000,68000000,126000000,153000000,162000000,158000000,188000000,32000000,,,,,,,,,,,,,
400,Jordan,,,2000000,,,,,,,,,36000000,,22000000,9000000,50000000,,18000000,,,,,,76000000,,2000000,16000000,,7000000,16000000,,,,,77000000,,,6000000,,,,,,,42000000,17000000,,13000000,12000000,60000000,88000000
398,Kazakhstan,,,,,,,,,,,,,,,,,,,,,,,,,,,,,,,,,,,,22000000,12000000,3000000,6000000,183000000,19000000,12000000,,,5000000,,12000000,,,,
404,Kenya,,,,,,,,,,,,,,,,,,,,,,8000000,,,,,,,,,,2000000,,2000000,,,,,,,,,,,,,,,,,
296,Kiribati,,,,,,,,,,,,,,,,,,,,,,,,,,,,,,,,,,,,,,,,,,,,,,,,,,,
408,"Korea, Dem. Rep.",,,,,,,,,,,,,,,11000000,6000000,,,,20000000,29000000,5000000,148000000,244000000,86000000,55000000,63000000,220000000,192000000,14000000,4000000,201000000,222000000,185000000,49000000,49000000,39000000,18000000,56000000,21000000,13000000,77000000,161000000,126000000,40000000,,,,,,
410,"Korea, Rep.",,,,,,,,,,,,,141000000,,,,,,,105000000,105000000,108000000,54000000,,105000000,33000000,78000000,,51000000,46000000,72000000,116000000,,44000000,,21000000,62000000,60000000,72000000,,8000000,165000000,,100000000,29000000,48000000,94000000,220000000,80000000,163000000,95000000
414,Kuwait,,,,,,,,3000000,,,,,,,,,,,,,24000000,,,,4000000,,,,,,,,,,,,,,99000000,,,,,,,,,,,,
417,Kyrgyzstan,,,,,,,,,,,,,,,,,,,,,,,,,,,,,,,,,,,,61000000,,,,,,,,92000000,,,,,14000000,,
418,Laos,,,,,,,,,,,,,,,,,,,,,,,,,,,,,,,,,,,,,,,,,,,,,,,,,,,
428,Latvia,,,,,,,,,,,,,,,,,,,,,,,,,,,,,,,,,,,8000000,,,,,,,,,,,,,,,,
422,Lebanon,,,,,,,,1000000,,,,,,,,,,,,,,,,,,,,,,,,1000000,,,,,,,,,,,45000000,,,,,,,,
426,Lesotho,,,,,,,,,,,,,,,,,,,,,,,,,,,,,,,,,,,,,,,,,,,,,,,,,,,
430,Liberia,,,,,,,,,,,,,,,,,,,,,,,,,,,,,,,,,,,,,,,,,,,,,,,,,,,
434,Libya,,,,,,,,,,,,,0,0,,25000000,4000000,,13000000,398000000,95000000,106000000,164000000,14000000,53000000,31000000,11000000,15000000,62000000,7000000,36000000,,,,3000000,,,3000000,10000000,,,,11000000,16000000,113000000,113000000,18000000,10000000,18000000,32000000,28000000
438,Liechtenstein,,,,,,,,,,,,,,,,,,,,,,,,,,,,,,,,,,,,,,,,,,,,,,,,,,,
440,Lithuania,,,,,,,,,,,,,,,,,,,,,,,,,,,,,,,,,,,,,,,,,,,3000000,,,,,,,,
442,Luxembourg,,,,,,,,,,,,,,,,,,,,,,,,,,,,,,,,,,,,,,,,,,,,,,,,0,,,
446,"Macao, China",,,,,,,,,,,,,,,,,,,,,,,,,,,,,,,,,,,,,,,,,,,,,,,,,,,
807,"Macedonia, FYR",,,,,,,,,,,,,,,,,,,,,,,,,,,,,,,,,,,,,,,,,,,,,,,,,,,
450,Madagascar,,,,,,,,,,,,,,,,,,,,,,,,,,,,,,,,,,,,,,,,,,,,,,,,,,,
454,Malawi,,,,,,,,,,,,,,,,,,,,,,,,,,,,,,,,,,,,,,,,,1000000,,,,,,,,,,
458,Malaysia,,,,,,,,,,,,1000000,,,,,,,,,,,6000000,,,,,,,,,,,,,0,,,,8000000,,,,,,,,,,0,
462,Maldives,,,,,,,,,,,,,,,,,,,,,,,,,,,,,,,,,,,,,,,,,,,,,,,,,,,
466,Mali,,,,,,,,,,,,,,,,,,,,,,,,,,,,,,,,,,,,,,,,,,,,,,,,,,,
470,Malta,,,,,,,,,,,,,,,,,,,,,,,,,,,,,,,,,,,,,,,,,,,,,10000000,,,,,,
584,Marshall Islands,,,,,,,,,,,,,,,,,,,,,,,,,,,,,,,,,,,,,,,,,,,,,,,,,,,
478,Mauritania,,,,,,,,,,,,,,,,,,,,,,,,,,,,,,,,,,,,,,,,,,,,,,,,,,,
480,Mauritius,,,,,,,,,,,,,,,,,,,,,,,,,,,,,,,,,,,,,,,,,,,,,,,,,,,
175,Mayotte,,,,,,,,,,,,,,,,,,,,,,,,,,,,,,,,,,,,,,,,,,,,,,,,,,,
484,Mexico,,,,,,,,,,,,,,,,,,,,,,,,,,,,,,,,,,,,,,,,,,,,,,,,,,,
583,"Micronesia, Fed. Sts.",,,,,,,,,,,,,,,,,,,,,,,,,,,,,,,,,,,,,,,,,,,,,,,,,,,
498,Moldova,,,,,,,,,,,,,,,,,,,,,,,,,,,,,,,,,12000000,,36000000,,,226000000,,,6000000,42000000,59000000,10000000,,18000000,3000000,19000000,29000000,20000000,
492,Monaco,,,,,,,,,,,,,,,,,,,,,,,,,,,,,,,,,,,,,,,,,,,,,,,,,,,
496,Mongolia,,,,,,,,,,,,,,,,,,,,,,,,,,,,,,,,,,,,,,,,,,,,,,,,,,,
499,Montenegro,,,,,,,,,,,,,,,,,,,,,,,,,,,,,,,,,,,,,,,,,,,,,,,71000000,109000000,,,14000000
504,Morocco,,,2000000,,,,,,,5000000,,,,,,,,,4000000,,,,,,,,,,,,,,,,,,,,,,,,,,,,,,,,
508,Mozambique,,,,,,,,,,,,,,,,,,2000000,,,,,,,,,,,,,,,,,,,,,,,,,,,,,,,,,
104,Myanmar,,,,,,,,,,,,,,,,,,,,,,,,,,,,,,,,,,,,,,,,,,,,,,,,,,,
516,Namibia,,,,,,,,,,,,,,,,,,,,,,,,,,,,,,,,,,,,,,,,,,,,,,,,,,,
524,Nepal,,,,,,,,,,,,,,,,,,,,,,,,,,,,,,,,,,,,,,,,,,,,,,,,,,,
528,Netherlands,6000000,93000000,84000000,66000000,72000000,104000000,79000000,92000000,349000000,125000000,5000000,187000000,154000000,188000000,97000000,69000000,390000000,370000000,328000000,319000000,659000000,826000000,696000000,470000000,357000000,177000000,369000000,498000000,752000000,593000000,409000000,448000000,362000000,441000000,614000000,439000000,477000000,603000000,596000000,340000000,281000000,203000000,239000000,342000000,209000000,583000000,1187000000,1326000000,530000000,545000000,503000000
540,New Caledonia,,,,,,,,,,,,,,,,,,,,,,,,,,,,,,,,,,,,,,,,,,,,,,,,,,,
554,New Zealand,,,,,,,,1000000,1000000,0,,,0,2000000,5000000,3000000,,,,,,1000000,2000000,,10000000,7000000,0,,,,,34000000,4000000,,3000000,,,10000000,,1000000,1000000,,1000000,,1000000,0,,,,,
558,Nicaragua,,,,,,,,,,,,,,,,,,,,,,,,,,,,,,4000000,5000000,,76000000,21000000,,5000000,,,,,,,,,,,,,,,
562,Niger,,,,,,,,,,,,,,0,,,,,,,,,,,,,,,,,,,,,,,,,,,,,,,,,,,,,
566,Nigeria,,,,,,,,,,,,,,,,,,,,,,,,,,,,,,3000000,6000000,,,,,,,,,,,,,,,,,,,,
580,Northern Mariana Islands,,,,,,,,,,,,,,,,,,,,,,,,,,,,,,,,,,,,,,,,,,,,,,,,,,,
578,Norway,33000000,,25000000,55000000,67000000,65000000,80000000,140000000,65000000,50000000,,8000000,15000000,8000000,,8000000,8000000,8000000,93000000,161000000,158000000,278000000,68000000,35000000,,42000000,29000000,54000000,34000000,124000000,82000000,167000000,75000000,51000000,88000000,21000000,9000000,19000000,3000000,5000000,3000000,42000000,99000000,99000000,80000000,12000000,17000000,55000000,107000000,128000000,141000000
512,Oman,,,,,,,,,,,,,,,,,,6000000,,,,,,,,,5000000,,,,,,,,1000000,,,,,,,,,,,1000000,,,,,
586,Pakistan,,,,,,,,5000000,,,,3000000,,,,,,,,,15000000,30000000,30000000,,,,,,,1000000,92000000,3000000,,,2000000,,,,,,3000000,1000000,9000000,8000000,9000000,22000000,4000000,,,,
585,Palau,,,,,,,,,,,,,,,,,,,,,,,,,,,,,,,,,,,,,,,,,,,,,,,,,,,
591,Panama,,,,,,,,,,,,,,,,,,,,2000000,,,,,,,,,,,,,,,,,,,,,,,,,,,,,,,
598,Papua New Guinea,,,,,,,,,,,,,,,,,,,,,,,,,,,,,,,,,,,,,,,,,,,,,,,,,,,
600,Paraguay,,,,,,,,,,,,,,,,,,,,,,,,,,,,,,,,,,,,,,,,,,,,,,,,,,,
604,Peru,,,,,,,,,,,,,,,,,,,,,,,53000000,,,,,,,,,,,,,,,,,,,14000000,,,5000000,,,,,,
608,Philippines,,,,,,,,,,,,,,,,,,,,,,,,,,,1000000,,,,,,,,,,,,,,,,,,,,,4000000,,,
616,Poland,5000000,5000000,12000000,86000000,193000000,190000000,262000000,265000000,244000000,279000000,224000000,227000000,228000000,158000000,228000000,286000000,381000000,349000000,280000000,195000000,180000000,312000000,183000000,88000000,60000000,85000000,258000000,218000000,257000000,20000000,86000000,69000000,49000000,,131000000,176000000,46000000,21000000,1000000,67000000,45000000,75000000,47000000,72000000,43000000,17000000,253000000,162000000,76000000,81000000,8000000
620,Portugal,,,,,,,,2000000,,,,3000000,,5000000,11000000,86000000,16000000,,9000000,3000000,2000000,,,1000000,,,1000000,,,98000000,,,,1000000,,,,,,,,,,,,,,,87000000,46000000,0
630,Puerto Rico,,,,,,,,,,,,,,,,,,,,,,,,,,,,,,,,,,,,,,,,,,,,,,,,,,,
634,Qatar,,,,,,,,,,,,,,,,,,,,,,,,,,,,,,,,,,35000000,56000000,,,40000000,,9000000,,,,,,,6000000,,,,
642,Romania,,,,,,,,,,,,6000000,9000000,9000000,1000000,,,,27000000,55000000,61000000,43000000,105000000,116000000,187000000,114000000,43000000,49000000,67000000,45000000,11000000,6000000,13000000,16000000,30000000,7000000,4000000,12000000,2000000,19000000,3000000,,,24000000,,2000000,8000000,32000000,,4000000,
643,Russia,,,,,,,,,,,,,,,,,,,,,,,,,,,,,,,,,2700000000,3477000000,1552000000,3812000000,3508000000,2966000000,1966000000,4043000000,3960000000,5896000000,5705000000,5236000000,6178000000,5134000000,5095000000,5426000000,5953000000,5575000000,6039000000
646,Rwanda,,,,,,,,,,,,,,,,,,,,,,,,,,,,,,,,,,,,,,,,,,,,,,,,,,,
659,Saint Kitts and Nevis,,,,,,,,,,,,,,,,,,,,,,,,,,,,,,,,,,,,,,,,,,,,,,,,,,,
662,Saint Lucia,,,,,,,,,,,,,,,,,,,,,,,,,,,,,,,,,,,,,,,,,,,,,,,,,,,
312,Saint Martin,,,,,,,,,,,,,,,,,,,,,,,,,,,,,,,,,,,,,,,,,,,,,,,,,,,
670,Saint Vincent and the Grenadines,,,,,,,,,,,,,,,,,,,,,,,,,,,,,,,,,,,,,,,,,,,,,,,,,,,
882,Samoa,,,,,,,,,,,,,,,,,,,,,,,,,,,,,,,,,,,,,,,,,,,,,,,,,,,
674,San Marino,,,,,,,,,,,,,,,,,,,,,,,,,,,,,,,,,,,,,,,,,,,,,,,,,,,
678,Sao Tome and Principe,,,,,,,,,,,,,,,,,,,,,,,,,,,,,,,,,,,,,,,,,,,,,,,,,,,
682,Saudi Arabia,,,,,,,,4000000,3000000,,,,2000000,,,,1000000,13000000,,,,33000000,,,3000000,9000000,,,,,,,,13000000,,,2000000,,,,,,,,,,,,,,58000000
686,Senegal,,,,,,,,,,,,,,,,,3000000,,,,,,,,,,,,,,,,,,,,,,,,,,,,,,,,,,
688,Serbia,,,,,,,,,,,,,,,,,,,,,,,,,,,,,,,,,,,,,22000000,5000000,,,,9000000,,,,,4000000,4000000,36000000,1000000,5000000
690,Seychelles,,,,,,,,,,,,,,,,,,,,,,,,,,,,,,,,,,,,,,,,,,,,,,,,,,,
694,Sierra Leone,,,,,,,,,,,,,,,,,,,,,,,,,,,,,,,,,,,,,,,,,,,,,,,,,,,
702,Singapore,,,,,,,,,,,,2000000,,,,15000000,,,30000000,71000000,,15000000,,24000000,93000000,,,106000000,30000000,111000000,68000000,4000000,80000000,29000000,29000000,,0,87000000,42000000,10000000,10000000,,2000000,,66000000,3000000,,,,46000000,27000000
703,Slovak Republic,,,,,,,,,,,,,,,,,,,,,,,,,,,,,,,,,,148000000,10000000,91000000,54000000,54000000,10000000,126000000,37000000,53000000,33000000,,48000000,,7000000,18000000,8000000,,
705,Slovenia,,,,,,,,,,,,,,,,,,,,,,,,,,,,,,,,,,,,,,,,,,,,,,,,,,,
90,Solomon Islands,,,,,,,,,,,,,,,,,,,,,,,,,,,,,,,,,,,,,,,,,,,,,,,,,,,
706,Somalia,,,,,,,,,,,,,,,,,,,,,,,,,,,,,,,,,,,,,,,,,,,,,,,,,,,
710,South Africa,68000000,68000000,,,,,,4000000,4000000,,3000000,5000000,12000000,1000000,2000000,18000000,16000000,0,,,39000000,39000000,1000000,,,48000000,48000000,50000000,50000000,0,,52000000,69000000,49000000,10000000,16000000,28000000,7000000,24000000,22000000,19000000,32000000,16000000,43000000,71000000,26000000,137000000,153000000,164000000,165000000,80000000
724,Spain,4000000,14000000,18000000,18000000,21000000,35000000,35000000,21000000,21000000,18000000,70000000,140000000,4000000,4000000,84000000,264000000,46000000,25000000,38000000,22000000,10000000,130000000,307000000,249000000,262000000,76000000,138000000,137000000,151000000,223000000,114000000,100000000,82000000,101000000,204000000,82000000,114000000,638000000,164000000,30000000,46000000,7000000,120000000,150000000,56000000,108000000,843000000,590000000,610000000,998000000,513000000
144,Sri Lanka,,,,,,,,,,,,,,,,,,,,,,,,,,,,,,,,,,,,,,,,,,,,,,,,,,,
736,Sudan,,,,,,,,2000000,,,,,,,,,,,,,,,,,,,4000000,,,,,,,,,,,,,,,,,,,,,,,,
740,Suriname,,,,,,,,,,,,,,,,,,,,,,,,,,,,,,,,,,,,,,,,,,,,,,,,,,,
748,Swaziland,,,,,,,,,,,,,,,,,,,,,,,,,,,,,,,,,,,,,,,,,,,,,,,,,,,
752,Sweden,52000000,34000000,35000000,23000000,31000000,32000000,41000000,40000000,60000000,36000000,262000000,530000000,130000000,16000000,76000000,125000000,64000000,46000000,50000000,278000000,151000000,144000000,126000000,114000000,226000000,205000000,332000000,273000000,522000000,405000000,267000000,185000000,176000000,117000000,127000000,193000000,336000000,98000000,321000000,377000000,379000000,880000000,191000000,526000000,314000000,538000000,432000000,366000000,454000000,383000000,806000000
756,Switzerland,432000000,500000000,528000000,328000000,370000000,482000000,359000000,253000000,87000000,100000000,13000000,25000000,17000000,21000000,37000000,308000000,337000000,279000000,232000000,421000000,524000000,552000000,395000000,308000000,499000000,329000000,238000000,274000000,296000000,236000000,365000000,393000000,356000000,174000000,133000000,139000000,179000000,113000000,207000000,273000000,174000000,193000000,157000000,181000000,243000000,246000000,285000000,301000000,482000000,255000000,137000000
760,Syria,,,,,,,,,,,14000000,,,,2000000,2000000,,0,,,,,177000000,46000000,2000000,29000000,31000000,,15000000,,,,40000000,40000000,,,0,0,,,,,,,,,3000000,,,25000000,25000000
762,Tajikistan,,,,,,,,,,,,,,,,,,,,,,,,,,,,,,,,,,,,,,,,,,,,,,,,,,,
834,Tanzania,,,,,,,,,,,,,,,,,,,,,,,,,,,,,,,,,,,,,,,,,,,,,,,,,,,
764,Thailand,,,,,,,,,,,,,,,,,,,,,,,,,,,,,,,,,,,,,,,,,,,,8000000,8000000,,,,,,
626,Timor-Leste,,,,,,,,,,,,,,,,,,,,,,,,,,,,,,,,,,,,,,,,,,,,,,,,,,,
768,Togo,,,,,,,,,,,,,,,,,,,,,,,,,,,,,,,,,,,,,,,,,,,,,,,,,,,
776,Tonga,,,,,,,,,,,,,,,,,,,,,,,,,,,,,,,,,,,,,,,,,,,,,,,,,,,
780,Trinidad and Tobago,,,,,,,,,,,,,,,,,,,,,,,,,,,,,,,,,,,,,,,,,,,,,,,,,,,
788,Tunisia,,,,,,,,,,,,,,,,,,,,,,,,,,,,,,,,,,,,,,,,,,,,,,,,,,,
792,Turkey,,,,,,,,,,,,,,,,,,,,,18000000,9000000,,,,,,,,,,,,,,3000000,3000000,0,3000000,38000000,15000000,5000000,23000000,38000000,25000000,47000000,61000000,37000000,65000000,46000000,31000000
795,Turkmenistan,,,,,,,,,,,,,,,,,,,,,,,,,,,,,,,,,,,,,,,,,,,,,,,,,,,
796,Turks and Caicos Islands,,,,,,,,,,,,,,,,,,,,,,,,,,,,,,,,,,,,,,,,,,,,,,,,,,,
798,Tuvalu,,,,,,,,,,,,,,,,,,,,,,,,,,,,,,,,,,,,,,,,,,,,,,,,,,,
800,Uganda,,,,,,,,,,,,,,,,,,,,,,,,,,,,,,,,,,,,,,,,,,,,,,,,,,,
804,Ukraine,,,,,,,,,,,,,,,,,,,,,,,,,,,,,,,,,216000000,209000000,287000000,208000000,193000000,561000000,721000000,775000000,280000000,700000000,311000000,442000000,200000000,290000000,553000000,728000000,330000000,320000000,201000000
784,United Arab Emirates,,,,,,,,,,,,,,,8000000,,,,,,,,,14000000,,,,1000000,,,2000000,,,,,28000000,5000000,32000000,,,,,,,3000000,11000000,12000000,3000000,,,37000000
826,United Kingdom,1942000000,1083000000,1167000000,986000000,1270000000,1425000000,1357000000,2225000000,1582000000,1893000000,908000000,2247000000,2378000000,2714000000,2388000000,2191000000,2360000000,2232000000,2028000000,1427000000,1659000000,2351000000,2453000000,2411000000,2464000000,2090000000,1929000000,3327000000,2339000000,3325000000,1900000000,1495000000,1203000000,1469000000,1516000000,1520000000,1636000000,2411000000,1374000000,1331000000,1606000000,1368000000,1068000000,741000000,1316000000,1039000000,855000000,1018000000,982000000,1022000000,1054000000
840,United States,6096000000,6679000000,5742000000,9364000000,12570000000,11467000000,8528000000,7435000000,8385000000,11589000000,9069000000,11156000000,10199000000,12288000000,11968000000,15950000000,15819000000,15726000000,14896000000,10081000000,11083000000,13895000000,14209000000,13726000000,11497000000,10493000000,11544000000,12310000000,11811000000,11320000000,10647000000,12632000000,14113000000,14456000000,11781000000,11400000000,11197000000,14612000000,16176000000,11599000000,7398000000,5908000000,5229000000,5698000000,6866000000,6700000000,7453000000,8003000000,6288000000,6658000000,8641000000
858,Uruguay,6000000,,,,,,,,,,,,,,,,,,,,,,,,,,,,,,,,,,,,,,,,1000000,,,,,,,,,,
860,Uzbekistan,,,,,,,,,,,,,,,,,,,,,,,,,,,,,,,,,,,,,,,,,,,,252000000,126000000,4000000,,,,90000000,90000000
548,Vanuatu,,,,,,,,,,,,,,,,,,,,,,,,,,,,,,,,,,,,,,,,,,,,,,,,,,,
862,Venezuela,,,,,,,,,,17000000,,,,,,12000000,,,,,,,,,,,,0,,,,,,,,,,,,,,,,,1000000,,7000000,,3000000,40000000,
704,Vietnam,,,,,,,,,,,,,5000000,,,,,,,,,,,,,,,,,,,,,,,,,,,,,,,,,,12000000,,,,
850,Virgin Islands (U.S.),,,,,,,,,,,,,,,,,,,,,,,,,,,,,,,,,,,,,,,,,,,,,,,,,,,
887,"Yemen, Rep.",,,,,,,,,,,,,,,,,,,,,,,,,,,,,,,,,,,,,,,,,,,,,,,,,,,
894,Zambia,,,,,,,,,,,,,,,,,,,,,,,,,,,,,,,2000000,,,,,,,,,,,,,,,,,,,,
716,Zimbabwe,,,,,7000000,,,,,,,,,,,,,,,,,,,,,,,,,,,,,,,,,,,,,3000000,,,,,,,,,
