Country,IE,yr1960,yr1961,yr1962,yr1963,yr1964,yr1965,yr1966,yr1967,yr1968,yr1969,yr1970,yr1971,yr1972,yr1973,yr1974,yr1975,yr1976,yr1977,yr1978,yr1979,yr1980,yr1981,yr1982,yr1983,yr1984,yr1985,yr1986,yr1987,yr1988,yr1989,yr1990,yr1991,yr1992,yr1993,yr1994,yr1995,yr1996,yr1997,yr1998,yr1999,yr2000,yr2001,yr2002,yr2003,yr2004,yr2005,yr2006,yr2007,yr2008,yr2009,yr2010
Afghanistan,Import,37000000,56000000,64000000,39000000,56000000,88000000,201000000,236000000,145000000,92000000,9000000,135000000,110000000,,,90000000,230000000,74000000,329000000,359000000,370000000,388000000,256000000,240000000,383000000,149000000,298000000,531000000,1022000000,2160000000,2012000000,1331000000,,,,,,,,,,,34000000,,,42000000,3000000,41000000,152000000,344000000,407000000
Albania,Import,59000000,76000000,49000000,11000000,7000000,189000000,82000000,181000000,288000000,312000000,265000000,349000000,150000000,111000000,142000000,57000000,5000000,7000000,5000000,,2000000,,,,,,,,,,,,,,,21000000,,,,,,,,2000000,,42000000,,5000000,13000000,25000000,13000000
Algeria,Import,,7000000,62000000,86000000,153000000,325000000,459000000,542000000,48000000,78000000,26000000,25000000,169000000,99000000,13000000,56000000,119000000,1042000000,1508000000,1961000000,1315000000,1218000000,1311000000,584000000,510000000,269000000,155000000,370000000,320000000,455000000,729000000,1004000000,18000000,17000000,176000000,271000000,80000000,35000000,103000000,409000000,415000000,532000000,234000000,193000000,236000000,155000000,304000000,471000000,1424000000,1121000000,791000000
Andorra,Import,,,,,,,,,,,,,,,,,,,,,,,,,,,,,,,,,,,,,,,,,,,,,,,,,,,
Angola,Import,,,,,,,,,,,,,,,1000000,257000000,149000000,102000000,144000000,108000000,168000000,252000000,391000000,563000000,460000000,507000000,751000000,1207000000,969000000,142000000,140000000,,,125000000,94000000,1000000,43000000,7000000,154000000,363000000,145000000,157000000,151000000,47000000,9000000,40000000,7000000,25000000,29000000,20000000,
Antigua and Barbuda,Import,,,,,,,,,,,,,,,,,,,,,,,,,,,,,,,,,,,,,,,,,,,,,,,,,,,
Argentina,Import,99000000,202000000,60000000,20000000,19000000,7000000,86000000,129000000,424000000,225000000,254000000,348000000,391000000,231000000,461000000,173000000,533000000,194000000,547000000,445000000,457000000,848000000,390000000,1287000000,709000000,472000000,225000000,218000000,68000000,12000000,170000000,2000000,28000000,14000000,209000000,43000000,38000000,112000000,172000000,267000000,208000000,6000000,16000000,12000000,165000000,3000000,9000000,24000000,23000000,16000000,17000000
Armenia,Import,,,,,,,,,,,,,,,,,,,,,,,,,,,,,,,,,,3000000,304000000,46000000,96000000,,,2000000,,,,,120000000,,,1000000,,36000000,36000000
Aruba,Import,,,,,,,,,,,,,,,,,,,,,,,,,,,,,,,,,,,,,,,,,,,,,,,,,,,
Australia,Import,104000000,35000000,719000000,190000000,514000000,909000000,703000000,772000000,445000000,917000000,235000000,261000000,58000000,701000000,898000000,109000000,87000000,275000000,1036000000,196000000,406000000,414000000,143000000,675000000,661000000,526000000,829000000,609000000,763000000,707000000,347000000,208000000,368000000,458000000,269000000,149000000,587000000,35000000,528000000,650000000,399000000,1213000000,659000000,815000000,502000000,467000000,680000000,628000000,384000000,684000000,1677000000
Austria,Import,11000000,22000000,11000000,24000000,74000000,78000000,61000000,48000000,1000000,12000000,108000000,135000000,103000000,58000000,65000000,93000000,65000000,51000000,,16000000,191000000,88000000,107000000,145000000,13000000,28000000,19000000,7000000,115000000,84000000,5000000,6000000,5000000,9000000,38000000,23000000,10000000,178000000,212000000,48000000,25000000,15000000,70000000,43000000,55000000,22000000,2000000,305000000,220000000,330000000,5000000
Azerbaijan,Import,,,,,,,,,,,,,,,,,,,,,,,,,,,,,,,,,60000000,49000000,25000000,,,,,,3000000,,92000000,,3000000,45000000,148000000,210000000,29000000,143000000,62000000
Bahamas,Import,,,,,,,,,,,,,,,,,,,,,,,,,1000000,,17000000,,,,2000000,3000000,,,,,,,,,54000000,,,,,,,,,1000000,
Bahrain,Import,,,,,,1000000,1000000,,,,,0,6000000,0,1000000,,,2000000,9000000,8000000,20000000,57000000,60000000,10000000,131000000,63000000,100000000,241000000,137000000,66000000,362000000,65000000,37000000,0,7000000,67000000,190000000,78000000,6000000,,299000000,31000000,58000000,6000000,10000000,63000000,63000000,26000000,20000000,,71000000
Bangladesh,Import,,,,,,,,,,,,8000000,2000000,78000000,44000000,34000000,66000000,69000000,38000000,1000000,63000000,67000000,114000000,168000000,86000000,59000000,5000000,,242000000,304000000,195000000,99000000,114000000,43000000,57000000,122000000,5000000,25000000,,188000000,207000000,191000000,38000000,9000000,34000000,9000000,214000000,73000000,13000000,,45000000
Barbados,Import,,,,,,,,,,,,,,,,,,,,,,9000000,,,1000000,,,,,,,,,,,,,,,,,,,,,,,13000000,13000000,13000000,
Belarus,Import,,,,,,,,,,,,,,,,,,,,,,,,,,,,,,,,,,,,,,,41000000,41000000,,,,,,6000000,254000000,,,3000000,
Belgium,Import,141000000,88000000,62000000,706000000,750000000,558000000,92000000,31000000,212000000,223000000,528000000,509000000,517000000,579000000,85000000,134000000,225000000,202000000,387000000,797000000,586000000,521000000,436000000,579000000,567000000,283000000,95000000,102000000,418000000,215000000,319000000,133000000,48000000,76000000,49000000,16000000,4000000,57000000,67000000,73000000,39000000,35000000,62000000,27000000,18000000,0,21000000,170000000,200000000,90000000,30000000
Belize,Import,,,,,,,,,,,,,,,,,,,,,,,,,1000000,,,,,,,,,,,,0,,,,1000000,,,,,,,,,,
Benin,Import,,2000000,1000000,,2000000,,1000000,,,,0,2000000,,1000000,,,,,26000000,7000000,,,10000000,3000000,1000000,5000000,,1000000,0,0,,,,,,,,,,,,,7000000,,,,,2000000,,1000000,0
Bermuda,Import,,,,,,,,,,,,,,,,,,,,,,,,,,,,,,,,,,,,,,,,,,,,,,,,,,,
Bhutan,Import,,,,,,,,,1000000,,,,,,,,,,,,,,,,,,,,,,,,,,,,,,,,,,,,0,,,,,,
Bolivia,Import,6000000,3000000,2000000,4000000,4000000,1000000,1000000,14000000,17000000,1000000,2000000,3000000,10000000,10000000,20000000,33000000,16000000,1000000,10000000,32000000,57000000,22000000,6000000,,2000000,27000000,18000000,,56000000,66000000,,10000000,24000000,12000000,9000000,2000000,,,,9000000,19000000,,,5000000,1000000,1000000,8000000,2000000,3000000,5000000,1000000
Bosnia and Herzegovina,Import,,,,,,,,,,,,,,,,,,,,,,,,,,,,,,,,,,6000000,6000000,,55000000,70000000,2000000,25000000,,,,,,,,,,,
Botswana,Import,,,,,,,,,,,,,,,,,,2000000,1000000,8000000,2000000,8000000,,,,4000000,,22000000,33000000,1000000,22000000,3000000,2000000,11000000,,10000000,31000000,71000000,2000000,,52000000,15000000,1000000,9000000,8000000,,,,,10000000,10000000
Brazil,Import,240000000,230000000,53000000,120000000,22000000,148000000,56000000,218000000,142000000,203000000,231000000,135000000,477000000,581000000,248000000,518000000,552000000,506000000,765000000,354000000,344000000,85000000,69000000,100000000,125000000,89000000,155000000,251000000,135000000,761000000,149000000,168000000,90000000,57000000,335000000,247000000,547000000,476000000,244000000,364000000,121000000,529000000,224000000,110000000,81000000,223000000,197000000,211000000,200000000,165000000,314000000
Brunei,Import,,,,,,5000000,1000000,18000000,1000000,,5000000,19000000,2000000,1000000,16000000,1000000,0,,46000000,65000000,,8000000,13000000,77000000,49000000,,13000000,,,,3000000,3000000,,,,,17000000,31000000,7000000,5000000,,3000000,0,0,0,1000000,2000000,,,40000000,40000000
Bulgaria,Import,475000000,525000000,494000000,515000000,330000000,382000000,219000000,330000000,251000000,533000000,705000000,399000000,479000000,308000000,302000000,385000000,399000000,526000000,905000000,360000000,629000000,975000000,562000000,491000000,683000000,596000000,967000000,430000000,239000000,399000000,744000000,338000000,44000000,1000000,1000000,1000000,122000000,,,7000000,,,,2000000,12000000,149000000,22000000,47000000,124000000,129000000,17000000
Burkina Faso,Import,,1000000,,,1000000,0,0,,0,1000000,1000000,1000000,,,,8000000,8000000,9000000,,,0,9000000,1000000,16000000,9000000,2000000,2000000,,12000000,,,3000000,,7000000,,,,,,0,,,,,,19000000,1000000,4000000,,2000000,
Burundi,Import,,,,,,,5000000,2000000,,3000000,,,,0,,,,,,,1000000,5000000,3000000,8000000,2000000,,,,,6000000,6000000,,,,,,,,,,,1000000,4000000,,,,,,,2000000,
Cambodia,Import,1000000,4000000,9000000,8000000,40000000,39000000,38000000,21000000,15000000,17000000,6000000,18000000,99000000,110000000,23000000,,,,42000000,,38000000,,,13000000,76000000,75000000,139000000,55000000,10000000,113000000,44000000,,,2000000,73000000,,33000000,21000000,,,,,,,,,12000000,60000000,,4000000,28000000
Cameroon,Import,,0,,2000000,0,2000000,2000000,3000000,3000000,,,8000000,1000000,15000000,,,32000000,73000000,,2000000,,26000000,117000000,6000000,130000000,17000000,11000000,5000000,1000000,4000000,12000000,,3000000,,,,4000000,6000000,9000000,4000000,,6000000,6000000,,,5000000,2000000,,1000000,,9000000
Canada,Import,173000000,1747000000,1036000000,904000000,665000000,520000000,273000000,243000000,354000000,525000000,705000000,442000000,394000000,65000000,187000000,216000000,28000000,28000000,175000000,227000000,433000000,446000000,236000000,616000000,615000000,885000000,886000000,788000000,738000000,65000000,144000000,665000000,338000000,191000000,448000000,365000000,380000000,315000000,106000000,193000000,570000000,547000000,438000000,156000000,356000000,116000000,107000000,432000000,428000000,93000000,373000000
Cape Verde,Import,,,,,,,,,,,,,,,,,2000000,,,14000000,,,26000000,,,,,,,,,,4000000,,,,,,9000000,,1000000,,,,,,,,,2000000,
Cayman Islands,Import,,,,,,,,,,,,,,,,,,,,,,,,,,,,,,,,,,,,,,,,,,,,,,,,,,,
Central African Rep.,Import,,2000000,,,,1000000,2000000,,3000000,,,2000000,,0,,,,,0,,0,1000000,2000000,5000000,1000000,6000000,,,1000000,,,,1000000,,,,,,,,,,,,,,9000000,,0,,
Chad,Import,1000000,1000000,,,,0,,,,,,3000000,,3000000,9000000,10000000,9000000,3000000,,,10000000,,,39000000,9000000,1000000,21000000,15000000,9000000,57000000,,,,,3000000,1000000,,,7000000,,,15000000,,,,,9000000,18000000,79000000,35000000,17000000
Chile,Import,315000000,45000000,14000000,122000000,23000000,53000000,79000000,139000000,59000000,17000000,60000000,177000000,51000000,324000000,344000000,92000000,446000000,45000000,98000000,107000000,122000000,115000000,347000000,127000000,456000000,9000000,181000000,163000000,131000000,140000000,144000000,112000000,190000000,100000000,112000000,452000000,193000000,127000000,87000000,191000000,179000000,42000000,63000000,174000000,56000000,460000000,1121000000,780000000,525000000,347000000,434000000
China,Import,1819000000,1757000000,173000000,191000000,138000000,101000000,231000000,175000000,182000000,2000000,2000000,2000000,2000000,3000000,3000000,3000000,3000000,75000000,86000000,12000000,7000000,2000000,15000000,12000000,71000000,110000000,17000000,62000000,83000000,126000000,215000000,245000000,1253000000,1188000000,258000000,657000000,1346000000,810000000,343000000,1772000000,1994000000,3324000000,2863000000,2233000000,3141000000,3536000000,2860000000,1693000000,1618000000,993000000,559000000
Colombia,Import,5000000,64000000,4000000,22000000,9000000,13000000,31000000,15000000,32000000,121000000,4000000,37000000,126000000,165000000,1000000,287000000,3000000,8000000,12000000,36000000,13000000,21000000,17000000,287000000,658000000,11000000,6000000,4000000,37000000,217000000,8000000,69000000,36000000,69000000,40000000,37000000,57000000,199000000,156000000,44000000,63000000,275000000,166000000,147000000,18000000,15000000,54000000,218000000,112000000,312000000,172000000
Comoros,Import,,,,,,,,,,,,,,,,,1000000,1000000,,,,,,,,,,1000000,,,,,,,,,,,,,,,,,,,,,6000000,,
"Congo, Dem. Rep.",Import,2000000,9000000,13000000,28000000,76000000,22000000,11000000,,,28000000,19000000,154000000,14000000,5000000,11000000,387000000,128000000,30000000,40000000,15000000,10000000,12000000,15000000,5000000,16000000,1000000,1000000,45000000,1000000,,3000000,,2000000,,,0,68000000,21000000,10000000,48000000,92000000,18000000,14000000,,,,17000000,,18000000,45000000,25000000
"Congo, Rep.",Import,1000000,0,,0,,0,,,1000000,24000000,9000000,24000000,2000000,,7000000,2000000,2000000,,38000000,23000000,18000000,2000000,11000000,28000000,25000000,2000000,,,25000000,42000000,42000000,,,,,,,27000000,0,1000000,0,,,,,4000000,0,0,,1000000,
Costa Rica,Import,,,,1000000,,,0,,,,,,,2000000,,3000000,,,6000000,2000000,1000000,,,,0,2000000,1000000,,,1000000,,,,3000000,,,,,,,,,,,,,,,,,
Cote d'Ivoire,Import,,2000000,1000000,1000000,,,2000000,3000000,20000000,2000000,7000000,17000000,1000000,,18000000,,,17000000,25000000,38000000,58000000,20000000,,,10000000,,,,,2000000,,,0,,,2000000,,0,,2000000,,,33000000,63000000,10000000,,,,,,
Croatia,Import,,,,,,,,,,,,,,,,,,,,,,,,,,,,,,,,,27000000,27000000,58000000,22000000,14000000,31000000,,,,62000000,2000000,24000000,8000000,,,14000000,99000000,4000000,10000000
Cuba,Import,127000000,545000000,1335000000,301000000,180000000,127000000,248000000,154000000,159000000,153000000,153000000,160000000,460000000,428000000,416000000,198000000,335000000,658000000,536000000,410000000,347000000,935000000,971000000,793000000,415000000,336000000,281000000,70000000,167000000,94000000,159000000,90000000,,,,,,,,,,,,,,,,,,,
Cyprus,Import,,,,,15000000,22000000,,,,,,,,1000000,,,,,,,,,4000000,14000000,24000000,30000000,34000000,30000000,129000000,29000000,71000000,82000000,23000000,,39000000,33000000,168000000,89000000,7000000,105000000,2000000,121000000,1000000,6000000,,20000000,26000000,12000000,,,
Czech Rep.,Import,,,,,,,,,,,,,,,,,8000000,,,,,,,,,,,,,,,,,,,0,24000000,6000000,0,2000000,16000000,65000000,47000000,104000000,7000000,621000000,52000000,17000000,21000000,6000000,73000000
Denmark,Import,173000000,318000000,48000000,149000000,472000000,494000000,66000000,79000000,67000000,20000000,311000000,362000000,109000000,,33000000,148000000,360000000,372000000,382000000,72000000,573000000,611000000,583000000,228000000,139000000,140000000,16000000,99000000,98000000,181000000,118000000,142000000,56000000,50000000,83000000,132000000,74000000,90000000,140000000,77000000,68000000,158000000,45000000,52000000,224000000,124000000,122000000,174000000,49000000,98000000,16000000
Djibouti,Import,,,,,,,,,,,,,,,,,,2000000,4000000,31000000,4000000,2000000,2000000,3000000,,1000000,8000000,1000000,,,,1000000,18000000,5000000,,3000000,,,,,1000000,,2000000,,4000000,8000000,,,,,
Dominica,Import,,,,,,,,,,,,,,,,,,,,,,,,,,,,,,,,,,,,,,,,,,,,,,,,,,,
Dominican Rep.,Import,12000000,9000000,0,7000000,5000000,10000000,8000000,2000000,1000000,0,1000000,2000000,7000000,0,,2000000,12000000,,,,8000000,5000000,33000000,,11000000,3000000,1000000,,4000000,,,,,,,,4000000,,6000000,3000000,13000000,4000000,2000000,3000000,30000000,2000000,,,,10000000,33000000
Ecuador,Import,64000000,,,2000000,3000000,33000000,,15000000,4000000,1000000,5000000,81000000,35000000,15000000,26000000,45000000,204000000,540000000,157000000,105000000,256000000,123000000,241000000,415000000,368000000,23000000,24000000,41000000,27000000,20000000,3000000,172000000,4000000,18000000,3000000,12000000,30000000,86000000,26000000,17000000,,12000000,2000000,,15000000,48000000,17000000,2000000,140000000,69000000,116000000
Egypt,Import,137000000,323000000,847000000,803000000,896000000,998000000,1582000000,2245000000,1270000000,1272000000,1491000000,2200000000,3695000000,2631000000,1078000000,575000000,167000000,409000000,117000000,628000000,992000000,1167000000,2590000000,1829000000,1542000000,927000000,1411000000,1640000000,395000000,299000000,579000000,903000000,1026000000,1191000000,1888000000,1688000000,971000000,1041000000,501000000,507000000,788000000,851000000,716000000,629000000,612000000,641000000,774000000,692000000,250000000,174000000,681000000
El Salvador,Import,,,,0,,1000000,1000000,0,17000000,7000000,9000000,1000000,,3000000,30000000,40000000,15000000,8000000,4000000,6000000,12000000,5000000,29000000,12000000,60000000,41000000,5000000,,,,,18000000,3000000,3000000,,3000000,3000000,,3000000,,,,16000000,9000000,,,,,4000000,,
Equatorial Guinea,Import,,,,,,,,,,,,,,,,,,,4000000,,1000000,,5000000,,,,,,,,,,,,,,,,,3000000,,8000000,,,8000000,15000000,,28000000,41000000,30000000,
Eritrea,Import,,,,,,,,,,,,,,,,,,,,,,,,,,,,,,,,,,30000000,21000000,7000000,15000000,53000000,223000000,27000000,17000000,60000000,19000000,17000000,77000000,69000000,,4000000,,,
Estonia,Import,,,,,,,,,,,,,,,,,,,,,,,,,,,,,,,,,1000000,3000000,15000000,17000000,1000000,14000000,3000000,1000000,27000000,,1000000,15000000,8000000,17000000,6000000,19000000,38000000,44000000,1000000
Ethiopia,Import,24000000,6000000,21000000,2000000,4000000,14000000,84000000,30000000,33000000,22000000,68000000,49000000,33000000,5000000,14000000,55000000,130000000,1090000000,1006000000,113000000,363000000,364000000,557000000,403000000,357000000,330000000,431000000,324000000,227000000,25000000,3000000,100000000,,,,,,69000000,210000000,149000000,143000000,,20000000,176000000,240000000,,,,,,
Faeroe Islands,Import,,,,,,,,,,,,,,,,,,,,,,,,,,,,,,,,,,,,,,,,,,,,,,,,,,,
Fiji,Import,,,,,,,,,,,,,,,,8000000,4000000,,,,,,,,,,,,,,1000000,,3000000,,6000000,12000000,,,,,,,,,,,,,,,
Finland,Import,62000000,81000000,47000000,255000000,60000000,82000000,44000000,77000000,23000000,17000000,12000000,6000000,28000000,15000000,176000000,129000000,86000000,30000000,105000000,60000000,343000000,121000000,145000000,122000000,136000000,220000000,83000000,67000000,143000000,89000000,99000000,57000000,467000000,445000000,248000000,196000000,611000000,397000000,564000000,800000000,516000000,9000000,14000000,223000000,71000000,99000000,123000000,115000000,156000000,43000000,72000000
France,Import,261000000,227000000,208000000,116000000,1226000000,245000000,104000000,121000000,141000000,114000000,143000000,157000000,109000000,128000000,47000000,32000000,282000000,311000000,334000000,71000000,82000000,114000000,150000000,110000000,68000000,15000000,96000000,84000000,108000000,146000000,71000000,981000000,399000000,101000000,35000000,56000000,34000000,181000000,154000000,110000000,106000000,66000000,43000000,57000000,93000000,,60000000,69000000,8000000,78000000,120000000
French Polynesia,Import,,,,,,,,,,,,,,,,,,,,,,,,,,,,,,,,,,,,,,,,,,,,,,,,,,,
Gabon,Import,,3000000,,,3000000,0,2000000,,2000000,4000000,1000000,24000000,,2000000,9000000,35000000,48000000,28000000,85000000,,26000000,36000000,5000000,11000000,96000000,2000000,7000000,10000000,36000000,9000000,38000000,,,,,,,,,,,,,,5000000,,17000000,17000000,17000000,,
Gambia,Import,,,,,,,,,,0,,,,,,,,,,,,4000000,,,,,,,,13000000,,,,,,,,,,,,,,,5000000,,,,,,
Georgia,Import,,,,,,,,,,,,,,,,,,,,,,,,,,,,,,,,,,4000000,,,,7000000,27000000,24000000,6000000,82000000,,1000000,45000000,74000000,98000000,175000000,94000000,34000000,
Germany,Import,2160000000,2102000000,2750000000,3505000000,3978000000,3606000000,3292000000,1539000000,1042000000,1335000000,1450000000,2555000000,737000000,1814000000,1925000000,1718000000,1921000000,1224000000,859000000,20000000,107000000,194000000,341000000,354000000,365000000,101000000,309000000,346000000,457000000,818000000,759000000,760000000,718000000,628000000,458000000,228000000,213000000,61000000,691000000,150000000,135000000,152000000,69000000,67000000,224000000,195000000,406000000,76000000,101000000,129000000,101000000
Ghana,Import,12000000,104000000,21000000,6000000,30000000,25000000,24000000,1000000,,,,,13000000,10000000,19000000,25000000,34000000,,18000000,6000000,51000000,60000000,,,,10000000,,13000000,,3000000,8000000,2000000,,,11000000,,6000000,4000000,,7000000,1000000,8000000,1000000,6000000,35000000,0,0,16000000,,6000000,
Gibraltar,Import,,,,,,,,,,,,,,,,,,,,,,,,,,,,,,,,,,,,,,,,,,,,,,,,,,,
Greece,Import,254000000,79000000,347000000,123000000,717000000,541000000,202000000,365000000,104000000,286000000,270000000,589000000,708000000,230000000,417000000,912000000,1453000000,1031000000,1276000000,734000000,649000000,940000000,464000000,389000000,353000000,165000000,172000000,35000000,528000000,1168000000,899000000,486000000,2143000000,1004000000,1125000000,861000000,371000000,809000000,1701000000,903000000,710000000,763000000,495000000,2252000000,1543000000,389000000,603000000,1808000000,559000000,1266000000,703000000
Greenland,Import,,,,,,,,,,,,,,,,,,,,,,,,,,,,,,,,,,,,,,,,,,,,,,,,,,,
Grenada,Import,,,,,,,,,,,,,,,,,,,,,,,1000000,,,,,,,,,,,,,,,,,,,,,,,,,,,,
Guam,Import,,,,,,,,,,,,,,,,,,,,,,,,,,,,,,,,,,,,,,,,,,,,,,,,,,,
Guatemala,Import,9000000,,1000000,7000000,8000000,5000000,,1000000,16000000,1000000,,32000000,1000000,1000000,12000000,47000000,13000000,1000000,1000000,5000000,8000000,45000000,14000000,2000000,7000000,20000000,1000000,0,0,4000000,0,0,,10000000,3000000,3000000,,,1000000,,,,,,,,,,0,,
Guinea,Import,34000000,0,,0,0,17000000,,8000000,,0,1000000,4000000,4000000,20000000,26000000,2000000,20000000,9000000,36000000,59000000,,1000000,1000000,1000000,,,40000000,,,44000000,1000000,,,,,,,,4000000,,19000000,6000000,,2000000,,1000000,,0,,,
Guinea-Bissau,Import,,,,,,,,,,,,,,,22000000,10000000,12000000,,14000000,20000000,2000000,1000000,,,11000000,,31000000,,15000000,,15000000,6000000,,4000000,,,,,,,,,,,,,,,,,
Guyana,Import,,,,,,,,,0,,,2000000,,,3000000,0,17000000,,1000000,5000000,4000000,11000000,,3000000,7000000,22000000,,,,,,,,,,,,,,,,7000000,3000000,,,,,,0,,
Haiti,Import,1000000,,,,2000000,,,,,6000000,,,,2000000,4000000,1000000,1000000,0,9000000,,,4000000,4000000,3000000,,9000000,,,,,,,,,,,,,,,,,,,,,,,,,
Honduras,Import,,,14000000,,,1000000,5000000,,,19000000,,,,1000000,,21000000,30000000,23000000,24000000,9000000,13000000,27000000,28000000,30000000,20000000,30000000,63000000,12000000,39000000,16000000,,,,,,,,,,,,,,,,,,,0,,
"Hong Kong, China",Import,,,,,,,,,,,,,,,,,,,,,,,,,,,,,,,,,,,,,,,,,,,,,,,,,,,
Hungary,Import,634000000,583000000,297000000,381000000,761000000,667000000,149000000,276000000,255000000,446000000,22000000,256000000,130000000,395000000,593000000,504000000,402000000,415000000,623000000,577000000,257000000,123000000,203000000,99000000,364000000,62000000,66000000,72000000,16000000,52000000,14000000,22000000,,970000000,4000000,24000000,143000000,78000000,35000000,56000000,14000000,14000000,,,3000000,13000000,265000000,205000000,5000000,4000000,18000000
Iceland,Import,18000000,,,,,,,,28000000,,,,,,9000000,28000000,,,,,,,,,,,3000000,,,,,,,,,,,,,,,,,,,,,,,,
India,Import,487000000,1113000000,374000000,690000000,892000000,1034000000,897000000,1099000000,1388000000,1406000000,1230000000,1647000000,1882000000,1256000000,1252000000,985000000,1834000000,2684000000,1379000000,1379000000,1910000000,2365000000,2361000000,2664000000,2527000000,2910000000,4067000000,3920000000,4058000000,3954000000,2746000000,1968000000,1305000000,726000000,834000000,1413000000,787000000,1650000000,732000000,1082000000,914000000,1251000000,1855000000,2808000000,2237000000,1059000000,1287000000,2185000000,1794000000,2537000000,3337000000
Indonesia,Import,422000000,900000000,1005000000,177000000,526000000,352000000,16000000,1000000,5000000,9000000,28000000,84000000,7000000,69000000,65000000,6000000,156000000,58000000,160000000,385000000,932000000,782000000,312000000,241000000,97000000,262000000,431000000,243000000,311000000,337000000,155000000,11000000,57000000,253000000,525000000,319000000,418000000,103000000,91000000,165000000,159000000,28000000,72000000,358000000,83000000,32000000,59000000,571000000,240000000,461000000,198000000
Iran,Import,11000000,102000000,102000000,129000000,136000000,182000000,462000000,363000000,889000000,1245000000,1211000000,1739000000,1344000000,1951000000,2893000000,6003000000,4368000000,6168000000,3738000000,566000000,298000000,488000000,552000000,519000000,477000000,615000000,909000000,885000000,521000000,200000000,466000000,1034000000,450000000,1018000000,453000000,286000000,605000000,177000000,379000000,318000000,418000000,536000000,436000000,282000000,126000000,66000000,423000000,331000000,78000000,77000000,88000000
Iraq,Import,164000000,114000000,268000000,206000000,333000000,259000000,360000000,364000000,376000000,404000000,156000000,182000000,671000000,1919000000,1444000000,1103000000,1153000000,1117000000,1838000000,1249000000,2114000000,2571000000,3109000000,3387000000,4560000000,3992000000,3626000000,3668000000,1917000000,1429000000,769000000,,,,,,,,,,,,,,46000000,165000000,282000000,257000000,367000000,388000000,464000000
Ireland,Import,,,,2000000,1000000,,,,,,7000000,9000000,20000000,3000000,1000000,7000000,3000000,5000000,28000000,31000000,49000000,15000000,,,9000000,,38000000,,24000000,,,10000000,,,43000000,,,,2000000,33000000,0,42000000,22000000,,19000000,4000000,11000000,18000000,21000000,1000000,1000000
Isle of Man,Import,,,,,,,,,,,,,,,,,,,,,,,,,,,,,,,,,,,,,,,,,,,,,,,,,,,
Israel,Import,374000000,93000000,254000000,393000000,449000000,459000000,322000000,311000000,768000000,1226000000,1531000000,1241000000,808000000,2462000000,1333000000,1253000000,1770000000,1255000000,1411000000,745000000,1286000000,1612000000,862000000,491000000,278000000,298000000,1174000000,1080000000,582000000,24000000,69000000,1224000000,1293000000,723000000,845000000,301000000,101000000,69000000,1370000000,1237000000,356000000,130000000,337000000,272000000,852000000,1133000000,1142000000,859000000,653000000,148000000,43000000
Italy,Import,505000000,541000000,842000000,1257000000,1285000000,918000000,405000000,92000000,146000000,406000000,454000000,939000000,1633000000,862000000,971000000,904000000,703000000,771000000,979000000,836000000,612000000,135000000,258000000,377000000,279000000,219000000,210000000,188000000,187000000,223000000,159000000,186000000,160000000,226000000,211000000,335000000,296000000,543000000,49000000,25000000,37000000,72000000,227000000,570000000,446000000,150000000,423000000,515000000,173000000,79000000,85000000
Jamaica,Import,,,1000000,0,0,,,2000000,,,,2000000,,,9000000,15000000,1000000,4000000,3000000,,,0,,,,,2000000,,,4000000,,,,,,,,,4000000,5000000,,,,,,13000000,13000000,15000000,2000000,,
Japan,Import,800000000,401000000,247000000,403000000,1895000000,1215000000,346000000,593000000,485000000,417000000,509000000,564000000,606000000,552000000,899000000,1560000000,1572000000,963000000,1108000000,1030000000,1133000000,1365000000,1452000000,1685000000,2025000000,1959000000,1838000000,1898000000,1933000000,2215000000,2710000000,2975000000,2450000000,2156000000,1026000000,1267000000,831000000,880000000,1469000000,1256000000,453000000,484000000,489000000,472000000,400000000,375000000,445000000,552000000,634000000,382000000,369000000
Jordan,Import,25000000,14000000,54000000,39000000,33000000,56000000,91000000,125000000,46000000,233000000,126000000,66000000,58000000,84000000,169000000,328000000,294000000,513000000,626000000,296000000,403000000,416000000,1051000000,767000000,463000000,295000000,233000000,105000000,245000000,58000000,14000000,35000000,,1000000,5000000,19000000,78000000,84000000,271000000,64000000,130000000,165000000,120000000,264000000,158000000,35000000,48000000,186000000,161000000,237000000,114000000
Kazakhstan,Import,,,,,,,,,,,,,,,,,,,,,,,,,,,,,,,,,,,,99000000,76000000,67000000,,72000000,147000000,139000000,20000000,,47000000,42000000,41000000,82000000,25000000,38000000,57000000
Kenya,Import,,,,,6000000,17000000,1000000,2000000,2000000,3000000,0,22000000,8000000,3000000,33000000,25000000,13000000,100000000,166000000,53000000,121000000,133000000,87000000,16000000,10000000,6000000,26000000,174000000,,23000000,33000000,14000000,,,12000000,,,74000000,,,15000000,,,,,,,8000000,,,73000000
Kiribati,Import,,,,,,,,,,,,,,,,,,,,,,,,,,,,,,,,,,,6000000,,,,,,,,,,,,,,,,
"Korea, Dem. Rep.",Import,506000000,81000000,205000000,216000000,193000000,130000000,941000000,878000000,1351000000,743000000,742000000,1455000000,494000000,589000000,692000000,582000000,493000000,308000000,360000000,226000000,287000000,130000000,424000000,504000000,275000000,1092000000,1151000000,914000000,948000000,773000000,570000000,206000000,45000000,91000000,35000000,153000000,90000000,9000000,9000000,179000000,18000000,29000000,9000000,9000000,8000000,5000000,5000000,5000000,5000000,5000000,1000000
"Korea, Rep.",Import,232000000,234000000,116000000,203000000,282000000,700000000,597000000,130000000,338000000,295000000,82000000,253000000,407000000,269000000,365000000,749000000,469000000,1196000000,333000000,1394000000,1004000000,965000000,695000000,409000000,486000000,737000000,824000000,726000000,1197000000,1677000000,1078000000,884000000,776000000,970000000,993000000,1970000000,1966000000,1215000000,1497000000,1726000000,1422000000,776000000,528000000,754000000,1095000000,796000000,1745000000,1839000000,1802000000,886000000,1131000000
Kuwait,Import,44000000,,14000000,32000000,44000000,24000000,8000000,,103000000,97000000,55000000,112000000,30000000,,5000000,98000000,230000000,525000000,522000000,196000000,41000000,13000000,174000000,287000000,458000000,529000000,168000000,61000000,14000000,114000000,314000000,516000000,896000000,694000000,39000000,609000000,1210000000,480000000,50000000,213000000,247000000,55000000,23000000,45000000,1000000,16000000,,279000000,5000000,18000000,17000000
Kyrgyzstan,Import,,,,,,,,,,,,,,,,,,,,,,,,,,,,,,,,,,,,,,,,,,,,9000000,5000000,3000000,2000000,,,,
Laos,Import,3000000,4000000,10000000,12000000,5000000,5000000,10000000,10000000,3000000,5000000,30000000,4000000,14000000,43000000,1000000,15000000,17000000,134000000,26000000,,35000000,54000000,1000000,90000000,30000000,61000000,,18000000,18000000,6000000,8000000,,,,,,,14000000,21000000,30000000,7000000,36000000,,0,,4000000,,,7000000,26000000,
Latvia,Import,,,,,,,,,,,,,,,,,,,,,,,,,,,,,,,,,0,11000000,12000000,16000000,0,0,0,4000000,3000000,13000000,3000000,26000000,15000000,7000000,11000000,49000000,44000000,12000000,15000000
Lebanon,Import,,3000000,10000000,15000000,,30000000,67000000,82000000,1000000,,,6000000,44000000,45000000,29000000,12000000,3000000,8000000,2000000,18000000,41000000,8000000,33000000,85000000,160000000,57000000,,,,,,,40000000,40000000,14000000,37000000,22000000,7000000,6000000,4000000,4000000,,,,,1000000,,5000000,1000000,40000000,60000000
Lesotho,Import,,,,,,,,,,,,,,,,,,1000000,,5000000,3000000,,,1000000,,0,9000000,,,8000000,,4000000,,,,,,,4000000,,,6000000,,,1000000,,1000000,,,,
Liberia,Import,,,,,2000000,,,15000000,,,,0,1000000,,,,2000000,,1000000,,,,,,,,4000000,6000000,,10000000,3000000,,,,,,,,,1000000,8000000,,,,,,,,,,
Libya,Import,14000000,17000000,2000000,3000000,12000000,9000000,33000000,20000000,65000000,161000000,332000000,553000000,554000000,693000000,1921000000,1725000000,2246000000,2862000000,4090000000,3659000000,3047000000,3192000000,2571000000,1212000000,710000000,661000000,322000000,181000000,9000000,205000000,5000000,,,,,,,,,11000000,,145000000,,145000000,,,2000000,2000000,,7000000,7000000
Liechtenstein,Import,,,,,,,,,,,,,,,,,,,,,,,,,,,,,,,,,,,,,,,,,,,,,,,,,,,
Lithuania,Import,,,,,,,,,,,,,,,,,,,,,,,,,,,,,,,,,74000000,10000000,,4000000,15000000,,15000000,5000000,5000000,16000000,10000000,1000000,58000000,15000000,45000000,4000000,26000000,26000000,81000000
Luxembourg,Import,,,,,,,,,,,,,,,1000000,,,,,,,,1000000,,,,,,,,,,,,,,3000000,,,1000000,,,,1000000,,,,,,5000000,5000000
"Macao, China",Import,,,,,,,,,,,,,,,,,,,,,,,,,,,,,,,,,,,,,,,,,,,,,,,,,,,
"Macedonia, FYR",Import,,,,,,,,,,,,,,,,,,,,,,,,,,,,,,,,,,,27000000,1000000,,,9000000,72000000,12000000,121000000,,,,,0,,,,
Madagascar,Import,,3000000,,2000000,0,7000000,,12000000,1000000,1000000,,0,0,,13000000,7000000,,,,63000000,43000000,0,,8000000,,5000000,,,,,,,,,,,20000000,,,,,,,,,,,,,,
Malawi,Import,,,,,5000000,,,,,,,,0,,,,3000000,6000000,7000000,9000000,16000000,13000000,,,1000000,6000000,11000000,1000000,2000000,3000000,8000000,,,,2000000,,,,,,,,,,,,,,2000000,,
Malaysia,Import,5000000,3000000,9000000,59000000,81000000,4000000,42000000,80000000,79000000,77000000,11000000,175000000,90000000,196000000,50000000,81000000,382000000,141000000,70000000,303000000,131000000,121000000,111000000,350000000,641000000,418000000,141000000,22000000,14000000,37000000,,34000000,13000000,10000000,308000000,871000000,33000000,554000000,39000000,725000000,32000000,26000000,150000000,139000000,48000000,49000000,401000000,570000000,541000000,1577000000,411000000
Maldives,Import,,,,,,,,,,,,,,,,,,,,,,,,,,,,,,,,,0,,,,,0,,,,,,,,,15000000,,,,4000000
Mali,Import,,1000000,10000000,4000000,,,1000000,11000000,,2000000,15000000,,,,,2000000,63000000,,,,,101000000,22000000,6000000,13000000,,,,,,,,,,,,,7000000,3000000,,7000000,,1000000,,,13000000,,8000000,2000000,9000000,
Malta,Import,,,,,,,,,,,,,0,0,,,,,13000000,,1000000,,,,,,,,,,,,13000000,,,0,1000000,6000000,1000000,,0,0,,,,18000000,,,,,
Marshall Islands,Import,,,,,,,,,,,,,,,,,,,,,,,,,,,,,1000000,,,6000000,,,,,,,,,,,,,,,,,,,
Mauritania,Import,2000000,1000000,1000000,6000000,1000000,1000000,,,,,11000000,13000000,,0,5000000,5000000,12000000,24000000,18000000,26000000,,18000000,22000000,,0,3000000,,,,6000000,15000000,17000000,,,27000000,3000000,3000000,8000000,3000000,,31000000,,25000000,7000000,,,,,,,4000000
Mauritius,Import,,,,,,,,,0,,,0,,,2000000,,,,,2000000,,,,,,1000000,,,,,6000000,,,5000000,,,30000000,1000000,,,,,,,6000000,,,,,,
Mayotte,Import,,,,,,,,,,,,,,,,,,,,,,,,,,,,,,,,,,,,,,,,,,,,,,,,,,,
Mexico,Import,9000000,44000000,106000000,60000000,10000000,11000000,21000000,14000000,0,,84000000,51000000,15000000,160000000,70000000,106000000,72000000,39000000,69000000,63000000,75000000,125000000,390000000,17000000,,6000000,122000000,143000000,81000000,70000000,34000000,39000000,19000000,163000000,111000000,47000000,83000000,330000000,50000000,60000000,227000000,142000000,94000000,31000000,322000000,36000000,69000000,5000000,,57000000,188000000
"Micronesia, Fed. Sts.",Import,,,,,,,,,,,,,,,,,,,,,,,,,,,,,,1000000,13000000,,,,,,,6000000,,,,,,,,,,,,,
Moldova,Import,,,,,,,,,,,,,,,,,,,,,,,,,,,,,,,,,7000000,,2000000,7000000,,,,,,,,,,,,,,,
Monaco,Import,,,,,,,,,,,,,,,,,,,,,,,,,,,,,,,,,,,,,,,,,,,,,,,,,,,
Mongolia,Import,28000000,78000000,106000000,99000000,123000000,115000000,114000000,62000000,15000000,15000000,15000000,13000000,8000000,58000000,76000000,189000000,25000000,24000000,69000000,52000000,40000000,52000000,136000000,102000000,98000000,98000000,,,33000000,,,,,,,,,,,,,,,,,,,,14000000,11000000,13000000
Montenegro,Import,,,,,,,,,,,,,,,,,,,,,,,,,,,,,,,,,,,,,,,,,,,,,,,,,,,
Morocco,Import,21000000,39000000,91000000,11000000,16000000,62000000,147000000,182000000,100000000,39000000,97000000,1000000,,19000000,193000000,205000000,157000000,335000000,407000000,699000000,429000000,772000000,518000000,391000000,52000000,35000000,30000000,34000000,136000000,175000000,127000000,62000000,31000000,99000000,117000000,30000000,86000000,119000000,,60000000,123000000,7000000,159000000,,,87000000,44000000,29000000,46000000,37000000,138000000
Mozambique,Import,,,,,,,,,,,,,,,,26000000,17000000,153000000,494000000,123000000,54000000,61000000,64000000,58000000,94000000,71000000,1000000,,,,,,,,,,,,,,0,,,1000000,,,,,,,0
Myanmar,Import,16000000,25000000,13000000,25000000,7000000,18000000,9000000,14000000,6000000,24000000,5000000,22000000,4000000,,,23000000,3000000,2000000,29000000,13000000,50000000,2000000,40000000,3000000,,,8000000,,,25000000,229000000,255000000,85000000,315000000,93000000,243000000,118000000,231000000,154000000,138000000,3000000,140000000,154000000,74000000,18000000,65000000,27000000,7000000,36000000,1000000,76000000
Namibia,Import,,,,,,,,,,,,,,,,,,,,,,,,,,,,,,,,,,,2000000,4000000,,5000000,7000000,,,21000000,11000000,,13000000,,72000000,6000000,66000000,14000000,
Nepal,Import,,,,,,0,0,,,,9000000,8000000,3000000,1000000,2000000,15000000,6000000,,,,,1000000,,,3000000,3000000,,,,1000000,,,1000000,,,1000000,,,,,,11000000,8000000,9000000,32000000,5000000,,,1000000,,
Netherlands,Import,297000000,413000000,377000000,729000000,792000000,751000000,230000000,1072000000,313000000,530000000,673000000,677000000,636000000,,5000000,68000000,276000000,619000000,749000000,826000000,598000000,740000000,1183000000,1278000000,1138000000,854000000,718000000,666000000,420000000,728000000,282000000,305000000,227000000,124000000,187000000,63000000,206000000,141000000,301000000,316000000,129000000,160000000,282000000,172000000,153000000,96000000,78000000,251000000,145000000,217000000,162000000
New Caledonia,Import,,,,,,,,,,,,,,,,,,,,,,,,,,,,,,,,,,,,,,,,,,,,,,,,,,,
New Zealand,Import,102000000,95000000,12000000,5000000,,10000000,442000000,4000000,56000000,,166000000,173000000,22000000,20000000,7000000,46000000,7000000,34000000,,,,35000000,79000000,128000000,41000000,9000000,38000000,4000000,59000000,29000000,27000000,44000000,55000000,36000000,16000000,7000000,7000000,276000000,15000000,270000000,,45000000,17000000,106000000,48000000,8000000,5000000,81000000,2000000,48000000,71000000
Nicaragua,Import,2000000,4000000,6000000,6000000,0,0,2000000,,,,,5000000,5000000,12000000,,,7000000,19000000,13000000,,,41000000,62000000,47000000,183000000,84000000,98000000,231000000,61000000,38000000,102000000,1000000,,,,,,,,,,,,,,,,,,,
Niger,Import,1000000,1000000,,,1000000,1000000,,,,2000000,1000000,9000000,,,,,,,2000000,58000000,6000000,,6000000,13000000,3000000,,3000000,,,,,7000000,,,,,,3000000,,,,,,14000000,,,,,7000000,1000000,
Nigeria,Import,,1000000,8000000,15000000,2000000,124000000,90000000,56000000,47000000,45000000,15000000,18000000,118000000,7000000,27000000,442000000,107000000,70000000,129000000,87000000,448000000,277000000,645000000,46000000,320000000,562000000,223000000,111000000,58000000,15000000,3000000,3000000,56000000,37000000,91000000,2000000,15000000,1000000,,,38000000,7000000,5000000,56000000,6000000,,14000000,57000000,20000000,81000000,189000000
Northern Mariana Islands,Import,,,,,,,,,,,,,,,,,,,,,,,,,,,,,,,,,,,,,,,,,,,,,,,,,,,
Norway,Import,214000000,119000000,83000000,227000000,241000000,340000000,668000000,546000000,283000000,515000000,142000000,86000000,68000000,77000000,65000000,112000000,21000000,11000000,14000000,50000000,251000000,438000000,457000000,440000000,336000000,130000000,144000000,260000000,284000000,648000000,399000000,357000000,290000000,199000000,115000000,84000000,184000000,152000000,163000000,192000000,268000000,141000000,93000000,4000000,6000000,14000000,522000000,552000000,611000000,593000000,205000000
Oman,Import,1000000,,,1000000,1000000,1000000,2000000,7000000,5000000,33000000,26000000,60000000,11000000,84000000,69000000,180000000,123000000,246000000,82000000,51000000,8000000,68000000,176000000,354000000,119000000,86000000,53000000,35000000,14000000,114000000,49000000,,20000000,51000000,143000000,287000000,290000000,165000000,22000000,,118000000,32000000,36000000,31000000,41000000,164000000,285000000,4000000,66000000,93000000,36000000
Pakistan,Import,43000000,67000000,77000000,195000000,81000000,229000000,633000000,172000000,689000000,292000000,415000000,571000000,614000000,158000000,372000000,253000000,287000000,221000000,661000000,729000000,867000000,500000000,553000000,787000000,869000000,765000000,277000000,630000000,455000000,995000000,620000000,481000000,377000000,991000000,877000000,386000000,537000000,710000000,709000000,888000000,171000000,406000000,539000000,626000000,489000000,406000000,275000000,637000000,1028000000,1106000000,2580000000
Palau,Import,,,,,,,,,,,,,,,,,,,,,,,,,,,,,,,1000000,,,,,,6000000,,,,,,,,,,,,,,
Panama,Import,,,,,0,,,,0,3000000,4000000,18000000,2000000,14000000,,29000000,6000000,5000000,6000000,,2000000,4000000,12000000,5000000,0,8000000,,,23000000,2000000,,,2000000,,,,0,12000000,,,,,0,,,,,,,5000000,
Papua New Guinea,Import,,,,,,,,,,,,,,,,31000000,,3000000,2000000,,,2000000,5000000,,3000000,,11000000,12000000,6000000,10000000,,10000000,10000000,,1000000,,0,12000000,,,,,,,,,,,,,
Paraguay,Import,9000000,,11000000,0,8000000,1000000,1000000,5000000,9000000,,0,1000000,8000000,0,,20000000,3000000,,10000000,1000000,18000000,6000000,3000000,1000000,18000000,36000000,4000000,,14000000,,6000000,3000000,1000000,,,,2000000,,,,,6000000,,,4000000,1000000,,,,,3000000
Peru,Import,175000000,96000000,14000000,18000000,26000000,72000000,63000000,27000000,197000000,71000000,30000000,155000000,159000000,428000000,675000000,610000000,422000000,908000000,669000000,655000000,709000000,869000000,278000000,323000000,359000000,332000000,251000000,598000000,223000000,16000000,96000000,90000000,126000000,47000000,177000000,32000000,136000000,341000000,53000000,102000000,24000000,5000000,7000000,22000000,47000000,368000000,193000000,172000000,2000000,41000000,60000000
Philippines,Import,50000000,43000000,9000000,4000000,2000000,99000000,88000000,40000000,16000000,26000000,7000000,88000000,51000000,116000000,63000000,127000000,263000000,172000000,232000000,108000000,76000000,42000000,27000000,139000000,59000000,39000000,,26000000,12000000,23000000,28000000,33000000,51000000,48000000,64000000,28000000,31000000,52000000,63000000,,,10000000,5000000,11000000,40000000,14000000,20000000,16000000,10000000,1000000,8000000
Poland,Import,863000000,877000000,695000000,1003000000,1535000000,1163000000,985000000,756000000,863000000,950000000,967000000,941000000,918000000,1215000000,1149000000,1069000000,875000000,917000000,1075000000,973000000,1023000000,932000000,893000000,453000000,395000000,827000000,1333000000,974000000,893000000,485000000,266000000,160000000,51000000,,24000000,195000000,100000000,1000000,3000000,24000000,159000000,55000000,301000000,378000000,244000000,95000000,443000000,987000000,599000000,156000000,142000000
Portugal,Import,44000000,139000000,27000000,42000000,43000000,56000000,233000000,267000000,342000000,310000000,364000000,175000000,17000000,17000000,117000000,325000000,65000000,102000000,125000000,5000000,46000000,51000000,192000000,4000000,108000000,152000000,5000000,7000000,152000000,42000000,81000000,977000000,19000000,378000000,432000000,25000000,7000000,0,14000000,3000000,2000000,19000000,,29000000,71000000,172000000,222000000,60000000,149000000,414000000,941000000
Puerto Rico,Import,,,,,,,,,,,,,,,,,,,,,,,,,,,,,,,,,,,,,,,,,,,,,,,,,,,
Qatar,Import,,,,,,,,,4000000,3000000,6000000,8000000,8000000,,2000000,38000000,27000000,55000000,29000000,14000000,53000000,46000000,124000000,313000000,304000000,147000000,2000000,48000000,79000000,10000000,5000000,16000000,65000000,11000000,10000000,11000000,201000000,260000000,338000000,79000000,11000000,11000000,11000000,11000000,,,,,,285000000,20000000
Romania,Import,181000000,40000000,201000000,235000000,426000000,525000000,405000000,439000000,600000000,416000000,555000000,485000000,512000000,549000000,701000000,659000000,289000000,343000000,293000000,639000000,569000000,520000000,492000000,276000000,232000000,319000000,433000000,198000000,174000000,270000000,591000000,60000000,184000000,15000000,29000000,3000000,39000000,61000000,175000000,144000000,22000000,21000000,22000000,24000000,285000000,491000000,61000000,88000000,68000000,60000000,109000000
Russia,Import,,,,,,,,,,,,,,,,,,,,,,,,,,,,,,,,,86000000,50000000,40000000,40000000,,,,,,,,,,,5000000,100000000,,7000000,19000000
Rwanda,Import,,,5000000,0,0,0,,,,,1000000,,,4000000,1000000,3000000,,1000000,,,,,,3000000,2000000,3000000,1000000,,2000000,,,,2000000,,,,1000000,2000000,9000000,26000000,14000000,,,,,,3000000,15000000,7000000,13000000,
Saint Kitts and Nevis,Import,,,,,,,,,,,,,,,,,,,,,,,,,,6000000,,,,,,,,,,,,,,,,,,,,,,,,,
Saint Lucia,Import,,,,,,,,,,,,,,,,,,,,,,,,,,,,,,,,,,,,,,,,,,,,,,,,,,,
Saint Martin,Import,,,,,,,,,,,,,,,,,,,,,,,,,,,,,,,,,,,,,,,,,,,,,,,,,,,
Saint Vincent and the Grenadines,Import,,,,,,,,,,,,,,,,,,,,,,,,,,,,5000000,,,,,,,,,,,,,,,,,,,,,,,
Samoa,Import,,,,,,,,,,,,,,,,,,,,,,,,,,,,,6000000,,,,,,,,,,,,,,,,,,,,,,
San Marino,Import,,,,,,,,,,,,,,,,,,,,,,,,,,,,,,,,,,,,,,,,,,,,,,,,,,,
Sao Tome and Principe,Import,,,,,,,,,,,,,,,,,,,,,,,,,,,,,,,,,,,,,,,,,,,,,,,,,,,
Saudi Arabia,Import,11000000,12000000,21000000,,5000000,48000000,254000000,195000000,495000000,397000000,54000000,10000000,101000000,168000000,352000000,471000000,590000000,924000000,1081000000,810000000,1116000000,1822000000,2186000000,1816000000,852000000,1297000000,2768000000,2441000000,1278000000,1407000000,2003000000,1012000000,1068000000,2337000000,1002000000,1022000000,1801000000,2913000000,2690000000,1337000000,81000000,59000000,555000000,159000000,1166000000,150000000,185000000,191000000,217000000,721000000,787000000
Senegal,Import,0,7000000,,0,4000000,0,1000000,,1000000,19000000,,13000000,,1000000,16000000,,17000000,41000000,20000000,17000000,,,2000000,37000000,4000000,,11000000,20000000,,,,,,,1000000,5000000,,,,,,,,,,15000000,8000000,19000000,6000000,4000000,4000000
Serbia,Import,,,,,,,,,,,,,,,,,,,,,,,,,,,,,,,,,4000000,2000000,2000000,17000000,1000000,9000000,10000000,1000000,1000000,27000000,,,,,,,,,14000000
Seychelles,Import,,,,,,,,,,,,,,,,,,1000000,,17000000,5000000,,2000000,15000000,,,10000000,,1000000,,0,,,,,,,,,,,,,,,15000000,,,,,
Sierra Leone,Import,,,,,,,,,,,,,,31000000,,,1000000,,2000000,,33000000,,,1000000,3000000,,,20000000,,,,,1000000,,6000000,15000000,,20000000,,13000000,,,,,,,10000000,,,,
Singapore,Import,,,,,,1000000,2000000,,7000000,173000000,89000000,176000000,177000000,94000000,273000000,202000000,119000000,189000000,45000000,317000000,441000000,411000000,259000000,278000000,51000000,120000000,74000000,275000000,455000000,138000000,537000000,425000000,151000000,220000000,227000000,298000000,185000000,639000000,805000000,307000000,708000000,267000000,232000000,91000000,384000000,537000000,67000000,384000000,1178000000,1695000000,1078000000
Slovak Republic,Import,,,,,,,,,,,,,,,,,,,,,,,,,,,,,,,,,,154000000,30000000,218000000,30000000,,,,2000000,,27000000,,,4000000,,1000000,0,5000000,8000000
Slovenia,Import,,,,,,,,,,,,,,,,,,,,,,,,,,,,,,,,,,26000000,10000000,20000000,22000000,8000000,4000000,17000000,1000000,36000000,2000000,17000000,16000000,2000000,2000000,2000000,,7000000,73000000
Solomon Islands,Import,,,,,,,,,,,,,,,,,,,,,,,,,,,,,6000000,,,6000000,,,,,,,,,,,,,,,,,,,
Somalia,Import,10000000,2000000,2000000,11000000,,30000000,51000000,74000000,5000000,,,0,21000000,206000000,324000000,85000000,175000000,39000000,65000000,45000000,126000000,105000000,62000000,23000000,12000000,42000000,11000000,,,,16000000,,,,,,,,,1000000,,,,,,,,,,,
South Africa,Import,12000000,,199000000,460000000,250000000,341000000,474000000,282000000,201000000,200000000,462000000,241000000,195000000,288000000,170000000,245000000,454000000,578000000,258000000,129000000,198000000,120000000,47000000,223000000,122000000,24000000,252000000,29000000,18000000,21000000,22000000,36000000,342000000,225000000,221000000,38000000,38000000,11000000,2000000,25000000,10000000,23000000,4000000,2000000,2000000,262000000,680000000,847000000,466000000,134000000,183000000
Spain,Import,227000000,109000000,73000000,12000000,59000000,421000000,247000000,275000000,129000000,191000000,234000000,597000000,740000000,860000000,561000000,1172000000,843000000,440000000,531000000,678000000,699000000,621000000,531000000,567000000,46000000,317000000,1133000000,1141000000,2048000000,875000000,709000000,101000000,206000000,330000000,893000000,362000000,436000000,216000000,71000000,377000000,346000000,180000000,236000000,162000000,226000000,339000000,291000000,332000000,375000000,275000000,313000000
Sri Lanka,Import,4000000,,,,0,,,,,2000000,,33000000,52000000,,,,0,15000000,7000000,,20000000,,,,54000000,41000000,30000000,121000000,25000000,6000000,20000000,134000000,24000000,35000000,74000000,59000000,213000000,2000000,68000000,63000000,280000000,151000000,28000000,12000000,26000000,33000000,40000000,31000000,64000000,,5000000
Sudan,Import,8000000,11000000,21000000,10000000,36000000,5000000,5000000,2000000,14000000,197000000,608000000,94000000,74000000,21000000,6000000,,,26000000,201000000,12000000,12000000,198000000,130000000,26000000,107000000,65000000,9000000,122000000,75000000,15000000,3000000,74000000,6000000,,,3000000,29000000,54000000,,36000000,,107000000,48000000,205000000,299000000,104000000,66000000,33000000,106000000,76000000,14000000
Suriname,Import,,,,,,,,,,,,,,,,0,1000000,1000000,,,,0,4000000,,7000000,,5000000,2000000,,,,,,,,,,,,9000000,,,,,,,,,,,
Swaziland,Import,,,,,,,,,,,,,,,,,,,,7000000,,,,,,,,,,,,,,,,,,,,,1000000,1000000,,,,,,,,,
Sweden,Import,120000000,62000000,131000000,306000000,378000000,254000000,280000000,314000000,226000000,112000000,100000000,66000000,140000000,199000000,238000000,287000000,209000000,100000000,277000000,271000000,289000000,435000000,166000000,174000000,99000000,98000000,147000000,161000000,125000000,110000000,94000000,55000000,66000000,44000000,279000000,101000000,107000000,195000000,337000000,225000000,205000000,166000000,74000000,63000000,48000000,82000000,126000000,58000000,44000000,46000000,35000000
Switzerland,Import,256000000,72000000,4000000,50000000,255000000,219000000,364000000,172000000,188000000,157000000,127000000,197000000,119000000,114000000,63000000,132000000,137000000,5000000,204000000,222000000,254000000,272000000,156000000,402000000,361000000,301000000,90000000,142000000,173000000,300000000,433000000,447000000,372000000,105000000,124000000,93000000,187000000,388000000,448000000,499000000,15000000,60000000,56000000,98000000,185000000,164000000,82000000,114000000,16000000,34000000,34000000
Syria,Import,33000000,11000000,13000000,54000000,,33000000,464000000,853000000,992000000,961000000,558000000,556000000,1409000000,3513000000,3814000000,1234000000,487000000,928000000,945000000,2150000000,2046000000,1438000000,2037000000,2372000000,1900000000,1596000000,1121000000,1265000000,1283000000,623000000,689000000,385000000,312000000,198000000,44000000,43000000,21000000,,20000000,21000000,19000000,19000000,19000000,43000000,19000000,7000000,70000000,,253000000,167000000,167000000
Tajikistan,Import,,,,,,,,,,,,,,,,,,,,,,,,,,,,,,,,,,,27000000,,,,,,,,,,,,13000000,7000000,,,
Tanzania,Import,,,,7000000,2000000,2000000,14000000,1000000,,,10000000,63000000,54000000,131000000,188000000,48000000,,40000000,63000000,359000000,51000000,119000000,6000000,,,,,,,5000000,,,20000000,,5000000,,,,,,,,,56000000,,9000000,10000000,0,,9000000,
Thailand,Import,30000000,77000000,105000000,73000000,90000000,87000000,109000000,143000000,64000000,133000000,208000000,272000000,116000000,344000000,177000000,72000000,138000000,104000000,313000000,177000000,326000000,299000000,80000000,299000000,382000000,201000000,149000000,566000000,634000000,296000000,245000000,572000000,507000000,184000000,602000000,513000000,701000000,942000000,59000000,164000000,90000000,127000000,158000000,153000000,117000000,63000000,45000000,8000000,13000000,51000000,83000000
Timor-Leste,Import,,,,,,,,,,,,,,,,,,,,,,,,,,,,,,,,,,,,,,,,,,,,,,,,,,,20000000
Togo,Import,1000000,,,,0,0,,,1000000,1000000,1000000,1000000,,2000000,,15000000,61000000,1000000,9000000,5000000,30000000,21000000,3000000,2000000,,,19000000,0,0,,,10000000,9000000,,3000000,3000000,,7000000,,,,,,,,,,,,,1000000
Tonga,Import,,,,,,,,,,,,,,,,,,,,,,,,,,,0,,,6000000,6000000,6000000,,,,,0,,,,,,,,,,,,,,
Trinidad and Tobago,Import,,,,,,,,,,,,,,,0,2000000,,,,,21000000,6000000,,,,,,,,,,,,,,,,,3000000,,10000000,1000000,,,,,,6000000,,,45000000
Tunisia,Import,40000000,1000000,,3000000,4000000,40000000,,,16000000,22000000,47000000,0,4000000,26000000,12000000,16000000,10000000,96000000,14000000,118000000,102000000,56000000,58000000,102000000,114000000,324000000,,56000000,12000000,39000000,4000000,4000000,32000000,,46000000,44000000,53000000,37000000,23000000,11000000,,,83000000,0,,168000000,2000000,,3000000,,2000000
Turkey,Import,605000000,329000000,329000000,639000000,872000000,391000000,307000000,582000000,403000000,614000000,371000000,941000000,1077000000,762000000,749000000,1064000000,445000000,324000000,964000000,938000000,497000000,687000000,512000000,445000000,521000000,638000000,564000000,1377000000,1596000000,1016000000,1245000000,1206000000,1824000000,2307000000,1833000000,1603000000,1478000000,1511000000,2624000000,1744000000,1161000000,560000000,1021000000,440000000,188000000,1065000000,452000000,614000000,579000000,663000000,468000000
Turkmenistan,Import,,,,,,,,,,,,,,,,,,,,,,,,,,,,,,,,,,,,,,,,,,,,20000000,22000000,,,,,20000000,29000000
Turks and Caicos Islands,Import,,,,,,,,,,,,,,,,,,,,,,,,,,,,,,,,,,,,,,,,,,,,,,,,,,,
Tuvalu,Import,,,,,,,,,,,,,,,,,,,,,,,,,,,,,,,,,,,6000000,,,,,,,,,,,,,,,,
Uganda,Import,,,,,6000000,2000000,15000000,8000000,37000000,15000000,7000000,3000000,19000000,17000000,47000000,124000000,35000000,5000000,,,,,14000000,,,9000000,,31000000,1000000,17000000,,,,,,32000000,,,55000000,39000000,6000000,,22000000,19000000,8000000,9000000,5000000,,5000000,22000000,1000000
Ukraine,Import,,,,,,,,,,,,,,,,,,,,,,,,,,,,,,,,,,,,,,,,,,,,,,,,,,,
United Arab Emirates,Import,,,,,,,,,13000000,13000000,68000000,24000000,27000000,93000000,106000000,240000000,257000000,275000000,196000000,18000000,205000000,439000000,156000000,167000000,316000000,132000000,170000000,240000000,46000000,616000000,564000000,237000000,193000000,570000000,563000000,420000000,479000000,690000000,759000000,419000000,243000000,186000000,213000000,695000000,1246000000,2199000000,2049000000,953000000,744000000,560000000,493000000
United Kingdom,Import,26000000,32000000,38000000,149000000,130000000,163000000,213000000,1413000000,2798000000,3080000000,60000000,201000000,314000000,256000000,260000000,269000000,182000000,202000000,190000000,242000000,541000000,969000000,933000000,308000000,618000000,331000000,260000000,186000000,264000000,217000000,119000000,935000000,1129000000,1111000000,563000000,650000000,728000000,653000000,890000000,75000000,837000000,1303000000,733000000,769000000,243000000,27000000,337000000,729000000,547000000,386000000,518000000
United States,Import,219000000,243000000,314000000,433000000,441000000,305000000,194000000,122000000,120000000,120000000,53000000,527000000,667000000,652000000,581000000,333000000,449000000,354000000,325000000,212000000,288000000,296000000,102000000,306000000,354000000,607000000,402000000,1892000000,1667000000,1649000000,328000000,495000000,519000000,1033000000,1088000000,870000000,600000000,608000000,281000000,240000000,348000000,504000000,505000000,593000000,551000000,520000000,551000000,752000000,871000000,929000000,893000000
Uruguay,Import,17000000,1000000,100000000,0,2000000,8000000,6000000,,11000000,9000000,11000000,15000000,21000000,6000000,5000000,0,39000000,2000000,8000000,8000000,18000000,99000000,15000000,17000000,,8000000,,,11000000,35000000,33000000,65000000,19000000,18000000,10000000,9000000,4000000,19000000,19000000,8000000,4000000,,11000000,,,20000000,8000000,3000000,65000000,10000000,36000000
Uzbekistan,Import,,,,,,,,,,,,,,,,,,,,,,,,,,,,,,,,,,,,,,,,,,6000000,6000000,,,,,,,,
Vanuatu,Import,,,,,,,,,,,,,,,,,,,,,,,,,,,,6000000,,,,,,,,,,,,,,,,,,,,,,,
Venezuela,Import,50000000,,29000000,48000000,9000000,,39000000,235000000,20000000,8000000,11000000,129000000,167000000,439000000,252000000,216000000,184000000,257000000,60000000,25000000,358000000,900000000,682000000,238000000,205000000,504000000,95000000,46000000,85000000,118000000,175000000,335000000,54000000,33000000,1000000,5000000,35000000,37000000,8000000,80000000,110000000,105000000,50000000,13000000,9000000,23000000,383000000,785000000,743000000,344000000,365000000
Vietnam,Import,54000000,100000000,77000000,99000000,246000000,637000000,1144000000,1207000000,1189000000,913000000,1202000000,1275000000,1476000000,814000000,365000000,307000000,42000000,42000000,574000000,1698000000,1080000000,1090000000,532000000,941000000,554000000,28000000,78000000,18000000,32000000,100000000,86000000,,,,,281000000,209000000,111000000,229000000,163000000,7000000,85000000,126000000,28000000,294000000,328000000,44000000,2000000,166000000,66000000,515000000
Virgin Islands (U.S.),Import,,,,,,,,,,,,,,,,,,,,,,,,,,,,,,,,,,,,,,,,,,,,,,,,,,,
"Yemen, Rep.",Import,,,,,,,,,,,,,,,,,,,,,,,,,,,,,,,76000000,134000000,,,4000000,171000000,,,1000000,50000000,158000000,96000000,592000000,40000000,312000000,306000000,57000000,151000000,39000000,5000000,7000000
Zambia,Import,,,,,7000000,16000000,11000000,,,7000000,3000000,144000000,29000000,19000000,16000000,48000000,110000000,38000000,45000000,4000000,141000000,220000000,48000000,12000000,18000000,,,,,,,,,,,,8000000,,,,33000000,,2000000,,,0,30000000,5000000,,,
Zimbabwe,Import,14000000,,17000000,20000000,,,,14000000,,,,2000000,11000000,0,2000000,25000000,16000000,5000000,13000000,,,14000000,86000000,33000000,26000000,30000000,206000000,33000000,2000000,,2000000,33000000,60000000,0,,,,,1000000,27000000,2000000,10000000,,16000000,,25000000,25000000,,,,
Afghanistan,Export,,,,,,,,,,,,,,,,,,,,,,,,,,,,,,,,,,,,,,,,,,,,,,,,,,,
Albania,Export,,,,,,,26000000,,,,,,,,,,,,,,,,,,,,,,,,,,,,,,,,,,,,,,,,,,,,
Algeria,Export,,,,,,,,,6000000,,,,,,,,,,,,6000000,,,,,,,,,,,,,,,,,,,,,,,,,,,,,,
Andorra,Export,,,,,,,,,,,,,,,,,,,,,,,,,,,,,,,,,,,,,,,,,,,,,,,,,,,
Angola,Export,,,,,,,,,,,,,,,,,,,,2000000,0,,,,,,,,,,,,20000000,,,,,,,,,,2000000,,,,,,,,
Antigua and Barbuda,Export,,,,,,,,,,,,,,,,,,,,,,,,,,,,,,,,,,,,,,,,,,,,,,,,,,,
Argentina,Export,,,6000000,,4000000,,,0,8000000,,0,,7000000,,,,1000000,,,6000000,1000000,22000000,3000000,1000000,8000000,,,4000000,,,6000000,0,,10000000,4000000,4000000,,,,,2000000,6000000,,,,,2000000,,,,
Armenia,Export,,,,,,,,,,,,,,,,,,,,,,,,,,,,,,,,,,,,,,,,,,,,,,,,,,,
Aruba,Export,,,,,,,,,,,,,,,,,,,,,,,,,,,,,,,,,,,,,,,,,,,,,,,,,,,
Australia,Export,,2000000,2000000,,,,,,,26000000,0,48000000,66000000,86000000,63000000,105000000,65000000,33000000,17000000,23000000,13000000,14000000,30000000,23000000,63000000,21000000,78000000,116000000,18000000,22000000,159000000,85000000,6000000,60000000,36000000,36000000,15000000,21000000,3000000,,,43000000,30000000,40000000,2000000,50000000,5000000,1000000,6000000,54000000,119000000
Austria,Export,,,,,0,0,1000000,1000000,1000000,1000000,1000000,1000000,1000000,1000000,0,0,,,36000000,118000000,50000000,68000000,55000000,52000000,54000000,329000000,37000000,29000000,11000000,10000000,26000000,16000000,16000000,8000000,14000000,,,1000000,10000000,19000000,21000000,15000000,82000000,3000000,3000000,3000000,62000000,100000000,18000000,24000000,33000000
Azerbaijan,Export,,,,,,,,,,,,,,,,,,,,,,,,,,,,,,,,,,,,,,,,,,,,,,,,,,,
Bahamas,Export,,,,,,,,,,,,,,,,,,,,,,,,,,,,,,,,,,,,,,,,,,,,,,,,,,,
Bahrain,Export,,,,,,,,,,,,,,,,,,,,,,,,,,,,,,,,,,,,,,,,,,2000000,,,,,,,,,
Bangladesh,Export,,,,,,,,,,,,,,,,,,,,,,,,,2000000,,,,,,,,,,,,,,,,,,,,,,,,,,
Barbados,Export,,,,,,,,,,,,,,,,,,,,,,,,,,,,,,,,,,,,,,,,,,,,,,,,,,,
Belarus,Export,,,,,,,,,,,,,,,,,,,,,,,,,,,,,,,,,,8000000,,8000000,131000000,359000000,63000000,467000000,295000000,51000000,65000000,75000000,10000000,24000000,35000000,6000000,225000000,42000000,
Belgium,Export,3000000,0,3000000,1000000,1000000,,12000000,,,5000000,,,,,,,,,2000000,3000000,1000000,19000000,40000000,87000000,94000000,2000000,,,49000000,25000000,1000000,1000000,,,27000000,267000000,70000000,90000000,45000000,44000000,24000000,36000000,35000000,15000000,47000000,161000000,58000000,18000000,228000000,242000000,7000000
Belize,Export,,,,,,,,,,,,,,,,,,,,,,,,,,,,,,,,,,,,,,,,,,,,,,,,,,,
Benin,Export,,,,,,,,,,,,,,,,,,,,,,,,,,,,,,,,,,,,,,,,,,,,,,,,,,,
Bermuda,Export,,,,,,,,,,,,,,,,,,,,,,,,,,,,,,,,,,,,,,,,,,,,,,,,,,,
Bhutan,Export,,,,,,,,,,,,,,,,,,,,,,,,,,,,,,,,,,,,,,,,,,,,,,,,,,,
Bolivia,Export,,,,,,,,,,,,,,,,,,,,,,,,,,,,,,,,,,,,,,,,,,,,,,,,,,,
Bosnia and Herzegovina,Export,,,,,,,,,,,,,,,,,,,,,,,,,,,,,,,,,,,,,,,,,,,4000000,,,,,,,,
Botswana,Export,,,,,,,,,,,,,,,,,,,,,,,,,,,,,,,,,,,,,,,,,,,,,,,,,,,
Brazil,Export,2000000,12000000,,,,,,,,3000000,,0,,,32000000,58000000,101000000,144000000,174000000,68000000,149000000,56000000,113000000,190000000,262000000,207000000,151000000,178000000,213000000,47000000,96000000,114000000,91000000,36000000,54000000,33000000,23000000,23000000,16000000,,,,26000000,,44000000,1000000,44000000,47000000,92000000,36000000,179000000
Brunei,Export,,,,,,,,,,,,,,,,,,,,,,,,,,,,,,,,,,,,,,,,,,,,,,,,,,,
Bulgaria,Export,,,,,,,,,,,,,,,,,,,,,,,,4000000,,,106000000,,,5000000,6000000,42000000,16000000,28000000,55000000,1000000,21000000,4000000,39000000,159000000,2000000,7000000,32000000,47000000,16000000,66000000,5000000,9000000,3000000,14000000,
Burkina Faso,Export,,,,,,,,,,,,,,,,,,,,,,,,,,,,,,,,,,,,,,,,,,,,,,,,,,,
Burundi,Export,,,,,,,,,,,,,,,,,,,,,,,,,,,,,,,,,,,,,,,,,,,,,,,,,,,
Cambodia,Export,,,,,,,,,,,,,,,,,,,,,,,,,,,,,,,,,,0,1000000,0,,,,,1000000,,,,,,,,,,
Cameroon,Export,,,,,,,,,,,,,,,,,,,,,,,,,,,,,,,,,,,,,,,,,,,,,,,,,,,
Canada,Export,53000000,309000000,188000000,213000000,252000000,111000000,90000000,44000000,100000000,261000000,195000000,267000000,313000000,97000000,107000000,34000000,205000000,113000000,176000000,147000000,152000000,113000000,240000000,134000000,91000000,84000000,246000000,257000000,198000000,49000000,93000000,115000000,127000000,130000000,155000000,336000000,147000000,89000000,34000000,75000000,110000000,129000000,170000000,263000000,265000000,226000000,226000000,334000000,227000000,169000000,258000000
Cape Verde,Export,,,,,,,,,,,,,,,,,,,,,,,,,,,,,,,,,,,,,,,,,,,,,,,,,,,
Cayman Islands,Export,,,,,,,,,,,,,,,,,,,,,,,,,,,,,,,,,,,,,,,,,,,,,,,,,,,
Central African Rep.,Export,,,,,,,,,,,,,,,,,,,,,,,,,,,,,,,,,,,,,,,,,,,,,,,,,,,
Chad,Export,,,,,,,,,,,,,,,,,,,,,,,,,,,,20000000,,,,,,,,,,,,,,,,,,,,,,,
Chile,Export,,,,,,,,,,,,,,,,0,,,0,,0,0,,1000000,,,3000000,3000000,5000000,5000000,,3000000,1000000,,,,30000000,,2000000,1000000,1000000,,2000000,,,,,,133000000,,
China,Export,305000000,37000000,54000000,11000000,61000000,450000000,675000000,439000000,725000000,639000000,866000000,1271000000,1168000000,698000000,611000000,654000000,608000000,226000000,638000000,599000000,979000000,707000000,1590000000,1924000000,2189000000,1440000000,2099000000,3337000000,1960000000,1033000000,930000000,1317000000,735000000,1438000000,1136000000,1050000000,803000000,452000000,362000000,336000000,301000000,499000000,509000000,665000000,292000000,303000000,597000000,430000000,586000000,1000000000,1423000000
Colombia,Export,,,,,,,,,,,,,,,,,,,,,,,,,,,,,,,,,,,,,,,,,,,5000000,,,,,,,,
Comoros,Export,,,,,,,,,,,,,,,,,,,,,,,,,,,,,,,,,,,,,,,,,,,,,,,,,,,
"Congo, Dem. Rep.",Export,,,,,,,,,,,,,,,,,,,,1000000,,,,,,,,,,,,,,,,,,,,,,,,,,,,,,,
"Congo, Rep.",Export,,,,,,,,,,,,,,,,,,,,,,,,,,,,,,,,,,,,,,,,,,,,,,,,,,,
Costa Rica,Export,,,,,,,,,,,,,,,,,,,,,,,,,,,,,,,,,,,,,,,,,,,,,,,,,0,,
Cote d'Ivoire,Export,,,,,,,,,,,,1000000,,,,,,,,,,,,,,,,,,,,,,,,,,,,,,,,,,,,,,,
Croatia,Export,,,,,,,,,,,,,,,,,,,,,,,,,,,,,,,,,,,,,,,,,2000000,,,,,,,,,,
Cuba,Export,,,,,,,,,,,,,,,,1000000,,,13000000,11000000,9000000,,,,,,,,,,,,,,,,,,,,,,,,,,,,,,
Cyprus,Export,,,,,,,,,,,,,,,,,,,,,,,,,,,,,,,,,,,,,43000000,,,,,,,,,,,,,,
Czech Rep.,Export,,,,,,,,,,,,,,45000000,90000000,90000000,90000000,90000000,45000000,,,,,,,,,,,,,,,145000000,262000000,124000000,106000000,22000000,20000000,54000000,78000000,87000000,59000000,64000000,1000000,66000000,42000000,31000000,34000000,21000000,3000000
Denmark,Export,18000000,,,,60000000,20000000,,131000000,33000000,3000000,,,,,,28000000,,,,,20000000,24000000,64000000,234000000,,,,121000000,42000000,,80000000,10000000,,241000000,326000000,8000000,,,1000000,6000000,20000000,1000000,8000000,62000000,173000000,,9000000,6000000,15000000,14000000,11000000
Djibouti,Export,,,,,,,,,,,,,,,,,,,,,,,,,,,,,,,,,,,,,,,,,,,,,,,,,,,
Dominica,Export,,,,,,,,,,,,,,,,,,,,,,,,,,,,,,,,,,,,,,,,,,,,,,,,,,,
Dominican Rep.,Export,,,,,,,,,,,,,,,,,,,,,,,,,,,,,,,,,,,,,,,,,,,,,,,,,,,
Ecuador,Export,,,,,,,,,,,,,,,,,,,,,,,,,,,,,,,,,,,,,,,,,,,,,,,,,,,
Egypt,Export,,0,7000000,8000000,1000000,,14000000,,27000000,17000000,15000000,,,,,17000000,,69000000,89000000,13000000,27000000,75000000,78000000,69000000,38000000,5000000,18000000,61000000,65000000,59000000,17000000,,11000000,18000000,13000000,8000000,5000000,5000000,,,,,,,,,,,,,
El Salvador,Export,,,,,,,,,,,,,,,,,,,,,,,,,,,,,,,,1000000,,,,,,,,,,,,,,,,,,,
Equatorial Guinea,Export,,,,,,,,,,,,,,,,,,,,,,,,,,,,,,,,,,,,,,,,,,,,,,,,,,,
Eritrea,Export,,,,,,,,,,,,,,,,,,,,,,,,,,,,,,,,,,,,,,,2000000,0,,,,,,,,,,,
Estonia,Export,,,,,,,,,,,,,,,,,,,,,,,,,,,,,,,,,,,,,8000000,,,,,,,,,,,,,,
Ethiopia,Export,,,,,,,,,,,,,,,,,,,,,,,,,,22000000,,51000000,,,,,,,,,,17000000,,,,,,,,,,,,,
Faeroe Islands,Export,,,,,,,,,,,,,,,,,,,,,,,,,,,,,,,,,,,,,,,,,,,,,,,,,,,
Fiji,Export,,,,,,,,,,,,,,,,,,,,,,,,,,,,,,,,,,,,,,,,,,,,,,,,,,,
Finland,Export,60000000,1000000,,,,1000000,86000000,33000000,33000000,33000000,2000000,43000000,30000000,,63000000,63000000,,,63000000,63000000,,,20000000,,,,,,1000000,,,12000000,3000000,8000000,14000000,20000000,8000000,10000000,24000000,20000000,9000000,24000000,25000000,33000000,23000000,27000000,97000000,30000000,67000000,41000000,34000000
France,Export,1171000000,1084000000,1523000000,1695000000,1896000000,1699000000,1731000000,1596000000,1873000000,1326000000,1777000000,2348000000,2533000000,2839000000,2122000000,2388000000,2110000000,2800000000,3207000000,2968000000,3697000000,3650000000,3641000000,3130000000,2807000000,3773000000,2944000000,1732000000,1827000000,2115000000,1673000000,1029000000,1056000000,791000000,764000000,942000000,1899000000,3149000000,3362000000,1813000000,1056000000,1297000000,1368000000,1345000000,2219000000,1724000000,1643000000,2432000000,1994000000,1865000000,834000000
French Polynesia,Export,,,,,,,,,,,,,,,,,,,,,,,,,,,,,,,,,,,,,,,,,,,,,,,,,,,
Gabon,Export,,,,,,,,,,,,,,1000000,,,,,,,,,,,,,,,,,,,,,,,,,,,,,,,,,,,,,
Gambia,Export,,,,,,,,,,,,,,,,,,,,,,,,,,,,,,,,,,,,,,,,,,,,,,,,,,,
Georgia,Export,,,,,,,,,,,,,,,,,,,,,,,,,,,,,,,,,,,,,,,,48000000,72000000,,72000000,,17000000,,,,,,
Germany,Export,151000000,13000000,134000000,129000000,426000000,299000000,653000000,721000000,588000000,746000000,1430000000,1387000000,1383000000,212000000,1169000000,1481000000,1723000000,1902000000,1615000000,1432000000,1621000000,1975000000,1679000000,2384000000,2938000000,1367000000,1481000000,1113000000,1616000000,1321000000,1789000000,2492000000,1404000000,1597000000,2763000000,1507000000,1939000000,895000000,1799000000,1825000000,1625000000,850000000,916000000,1713000000,1105000000,2080000000,2567000000,3194000000,2500000000,2432000000,2340000000
Ghana,Export,,,,,,,,,,,,,,,,,,,,6000000,,,,,,,,,,,,,,,,,,,,,,,,,,,,,,,
Gibraltar,Export,,,,,,,,,,,,,,,,,,,,,,,,,,,,,,,,,,,,,,,,,,,,,,,,,,,
Greece,Export,,,,,1000000,1000000,,,,,,,,,,,,,,,,,,,,,,,,,4000000,5000000,12000000,,25000000,,17000000,29000000,7000000,1000000,,2000000,,6000000,31000000,13000000,23000000,,,,
Greenland,Export,,,,,,,,,,,,,,,,,,,,,,,,,,,,,,,,,,,,,,,,,,,,,,,,,,,
Grenada,Export,,,,,,,,,,,,,,,,,,,,,,,,,,,,,,,,,,,,,,,,,,,,,,,,,,,
Guam,Export,,,,,,,,,,,,,,,,,,,,,,,,,,,,,,,,,,,,,,,,,,,,,,,,,,,
Guatemala,Export,,,,,,,,,,,,,,,,,,,,,,,,,,,,,,,,,,,,,,,,,,,,,,,,,,,
Guinea,Export,,,,,,,,,,,,,,,,,,,,,,,,,,,,,,,,,,,,,,,,,,,,,,,,,,,
Guinea-Bissau,Export,,,,,,,,,,,,,,,,,,,,,,,,,,,,,,,,,,,,,,,,,,,,,,,,,,,
Guyana,Export,,,,,,,,,,,,,,,,,2000000,,,,,,,,,,,,,,,,,,,,,,,,,,,,,,,,,,
Haiti,Export,,,,,,,,,,,,,,,,,,,,,,,,,,,,,,,,,,,,,,,,,,,,,,,,,,,
Honduras,Export,,,,,,,,,,,,,,,,,,,,,,,,,,,,,,,,,,,,,,,,,,,,,,,,,,,
"Hong Kong, China",Export,,,,,,,,,,,,,,,,,,,,,,,,,,,,,,,,,,,,,,,,,,,,,,,,,,,
Hungary,Export,,,,,,,18000000,18000000,39000000,30000000,,,8000000,44000000,8000000,8000000,,,,,4000000,30000000,4000000,4000000,,,,,,,,,,21000000,,6000000,,24000000,,,,,34000000,,,82000000,,6000000,,,
Iceland,Export,,,,,,,,,,,,,,,,,,,,,0,,,,,,,,,,,,,5000000,,,,,,,,,,,,,,,,,
India,Export,,0,,,,,,,1000000,,,5000000,2000000,23000000,25000000,33000000,,,27000000,22000000,,,2000000,,,,,,1000000,,4000000,,1000000,7000000,2000000,2000000,,,,,16000000,2000000,0,4000000,26000000,19000000,33000000,21000000,11000000,22000000,4000000
Indonesia,Export,,,,7000000,,,,,,6000000,6000000,,,,,,,,9000000,,4000000,,,,,8000000,4000000,,,,,,,16000000,16000000,25000000,,8000000,,49000000,,16000000,49000000,,25000000,8000000,8000000,,,,
Iran,Export,,,3000000,,,,,28000000,,,23000000,5000000,106000000,6000000,123000000,84000000,,,,,0,0,0,0,1000000,1000000,1000000,1000000,1000000,1000000,1000000,1000000,1000000,1000000,1000000,1000000,2000000,1000000,0,0,0,0,3000000,9000000,1000000,2000000,92000000,,2000000,5000000,5000000
Iraq,Export,3000000,,,,,,,,,,,,,,,,,,,,28000000,,,,,,,,165000000,20000000,,,,,,,,,,,,,,,,,,,,,
Ireland,Export,,,,,,,,,,,,,,,,,,,2000000,8000000,8000000,2000000,,,,,,,,,,,,,,,,,,,,,,,,,,,1000000,4000000,
Isle of Man,Export,,,,,,,,,,,,,,,,,,,,,,,,,,,,,,,,,,,,,,,,,,,,,,,,,,,
Israel,Export,,,,,7000000,10000000,14000000,13000000,31000000,26000000,13000000,21000000,31000000,18000000,51000000,127000000,66000000,206000000,207000000,188000000,272000000,215000000,253000000,409000000,302000000,208000000,397000000,150000000,82000000,212000000,85000000,152000000,324000000,397000000,295000000,166000000,303000000,237000000,215000000,161000000,357000000,407000000,436000000,368000000,628000000,368000000,299000000,438000000,281000000,807000000,472000000
Italy,Export,99000000,249000000,267000000,235000000,366000000,275000000,222000000,126000000,162000000,334000000,265000000,326000000,262000000,287000000,371000000,703000000,656000000,583000000,650000000,1324000000,1171000000,1691000000,1707000000,1189000000,1311000000,950000000,199000000,581000000,360000000,271000000,166000000,303000000,231000000,300000000,187000000,284000000,328000000,451000000,420000000,484000000,192000000,216000000,426000000,341000000,212000000,774000000,502000000,684000000,417000000,514000000,627000000
Jamaica,Export,,,,,,,,,,,,,,,,,,,,,,,,,,,,,,,,,,,,,,,,,,,,,,,,,,,
Japan,Export,,61000000,104000000,11000000,16000000,,5000000,,,33000000,,15000000,4000000,17000000,53000000,,,,9000000,58000000,179000000,,,45000000,30000000,74000000,99000000,,,15000000,30000000,68000000,126000000,153000000,162000000,158000000,188000000,32000000,,,,,,,,,,,,,
Jordan,Export,,,2000000,,,,,,,,,36000000,,22000000,9000000,50000000,,18000000,,,,,,76000000,,2000000,16000000,,7000000,16000000,,,,,77000000,,,6000000,,,,,,,42000000,17000000,,13000000,12000000,60000000,88000000
Kazakhstan,Export,,,,,,,,,,,,,,,,,,,,,,,,,,,,,,,,,,,,22000000,12000000,3000000,6000000,183000000,19000000,12000000,,,5000000,,12000000,,,,
Kenya,Export,,,,,,,,,,,,,,,,,,,,,,8000000,,,,,,,,,,2000000,,2000000,,,,,,,,,,,,,,,,,
Kiribati,Export,,,,,,,,,,,,,,,,,,,,,,,,,,,,,,,,,,,,,,,,,,,,,,,,,,,
"Korea, Dem. Rep.",Export,,,,,,,,,,,,,,,11000000,6000000,,,,20000000,29000000,5000000,148000000,244000000,86000000,55000000,63000000,220000000,192000000,14000000,4000000,201000000,222000000,185000000,49000000,49000000,39000000,18000000,56000000,21000000,13000000,77000000,161000000,126000000,40000000,,,,,,
"Korea, Rep.",Export,,,,,,,,,,,,,141000000,,,,,,,105000000,105000000,108000000,54000000,,105000000,33000000,78000000,,51000000,46000000,72000000,116000000,,44000000,,21000000,62000000,60000000,72000000,,8000000,165000000,,100000000,29000000,48000000,94000000,220000000,80000000,163000000,95000000
Kuwait,Export,,,,,,,,3000000,,,,,,,,,,,,,24000000,,,,4000000,,,,,,,,,,,,,,99000000,,,,,,,,,,,,
Kyrgyzstan,Export,,,,,,,,,,,,,,,,,,,,,,,,,,,,,,,,,,,,61000000,,,,,,,,92000000,,,,,14000000,,
Laos,Export,,,,,,,,,,,,,,,,,,,,,,,,,,,,,,,,,,,,,,,,,,,,,,,,,,,
Latvia,Export,,,,,,,,,,,,,,,,,,,,,,,,,,,,,,,,,,,8000000,,,,,,,,,,,,,,,,
Lebanon,Export,,,,,,,,1000000,,,,,,,,,,,,,,,,,,,,,,,,1000000,,,,,,,,,,,45000000,,,,,,,,
Lesotho,Export,,,,,,,,,,,,,,,,,,,,,,,,,,,,,,,,,,,,,,,,,,,,,,,,,,,
Liberia,Export,,,,,,,,,,,,,,,,,,,,,,,,,,,,,,,,,,,,,,,,,,,,,,,,,,,
Libya,Export,,,,,,,,,,,,,0,0,,25000000,4000000,,13000000,398000000,95000000,106000000,164000000,14000000,53000000,31000000,11000000,15000000,62000000,7000000,36000000,,,,3000000,,,3000000,10000000,,,,11000000,16000000,113000000,113000000,18000000,10000000,18000000,32000000,28000000
Liechtenstein,Export,,,,,,,,,,,,,,,,,,,,,,,,,,,,,,,,,,,,,,,,,,,,,,,,,,,
Lithuania,Export,,,,,,,,,,,,,,,,,,,,,,,,,,,,,,,,,,,,,,,,,,,3000000,,,,,,,,
Luxembourg,Export,,,,,,,,,,,,,,,,,,,,,,,,,,,,,,,,,,,,,,,,,,,,,,,,0,,,
"Macao, China",Export,,,,,,,,,,,,,,,,,,,,,,,,,,,,,,,,,,,,,,,,,,,,,,,,,,,
"Macedonia, FYR",Export,,,,,,,,,,,,,,,,,,,,,,,,,,,,,,,,,,,,,,,,,,,,,,,,,,,
Madagascar,Export,,,,,,,,,,,,,,,,,,,,,,,,,,,,,,,,,,,,,,,,,,,,,,,,,,,
Malawi,Export,,,,,,,,,,,,,,,,,,,,,,,,,,,,,,,,,,,,,,,,,1000000,,,,,,,,,,
Malaysia,Export,,,,,,,,,,,,1000000,,,,,,,,,,,6000000,,,,,,,,,,,,,0,,,,8000000,,,,,,,,,,0,
Maldives,Export,,,,,,,,,,,,,,,,,,,,,,,,,,,,,,,,,,,,,,,,,,,,,,,,,,,
Mali,Export,,,,,,,,,,,,,,,,,,,,,,,,,,,,,,,,,,,,,,,,,,,,,,,,,,,
Malta,Export,,,,,,,,,,,,,,,,,,,,,,,,,,,,,,,,,,,,,,,,,,,,,10000000,,,,,,
Marshall Islands,Export,,,,,,,,,,,,,,,,,,,,,,,,,,,,,,,,,,,,,,,,,,,,,,,,,,,
Mauritania,Export,,,,,,,,,,,,,,,,,,,,,,,,,,,,,,,,,,,,,,,,,,,,,,,,,,,
Mauritius,Export,,,,,,,,,,,,,,,,,,,,,,,,,,,,,,,,,,,,,,,,,,,,,,,,,,,
Mayotte,Export,,,,,,,,,,,,,,,,,,,,,,,,,,,,,,,,,,,,,,,,,,,,,,,,,,,
Mexico,Export,,,,,,,,,,,,,,,,,,,,,,,,,,,,,,,,,,,,,,,,,,,,,,,,,,,
"Micronesia, Fed. Sts.",Export,,,,,,,,,,,,,,,,,,,,,,,,,,,,,,,,,,,,,,,,,,,,,,,,,,,
Moldova,Export,,,,,,,,,,,,,,,,,,,,,,,,,,,,,,,,,12000000,,36000000,,,226000000,,,6000000,42000000,59000000,10000000,,18000000,3000000,19000000,29000000,20000000,
Monaco,Export,,,,,,,,,,,,,,,,,,,,,,,,,,,,,,,,,,,,,,,,,,,,,,,,,,,
Mongolia,Export,,,,,,,,,,,,,,,,,,,,,,,,,,,,,,,,,,,,,,,,,,,,,,,,,,,
Montenegro,Export,,,,,,,,,,,,,,,,,,,,,,,,,,,,,,,,,,,,,,,,,,,,,,,71000000,109000000,,,14000000
Morocco,Export,,,2000000,,,,,,,5000000,,,,,,,,,4000000,,,,,,,,,,,,,,,,,,,,,,,,,,,,,,,,
Mozambique,Export,,,,,,,,,,,,,,,,,,2000000,,,,,,,,,,,,,,,,,,,,,,,,,,,,,,,,,
Myanmar,Export,,,,,,,,,,,,,,,,,,,,,,,,,,,,,,,,,,,,,,,,,,,,,,,,,,,
Namibia,Export,,,,,,,,,,,,,,,,,,,,,,,,,,,,,,,,,,,,,,,,,,,,,,,,,,,
Nepal,Export,,,,,,,,,,,,,,,,,,,,,,,,,,,,,,,,,,,,,,,,,,,,,,,,,,,
Netherlands,Export,6000000,93000000,84000000,66000000,72000000,104000000,79000000,92000000,349000000,125000000,5000000,187000000,154000000,188000000,97000000,69000000,390000000,370000000,328000000,319000000,659000000,826000000,696000000,470000000,357000000,177000000,369000000,498000000,752000000,593000000,409000000,448000000,362000000,441000000,614000000,439000000,477000000,603000000,596000000,340000000,281000000,203000000,239000000,342000000,209000000,583000000,1187000000,1326000000,530000000,545000000,503000000
New Caledonia,Export,,,,,,,,,,,,,,,,,,,,,,,,,,,,,,,,,,,,,,,,,,,,,,,,,,,
New Zealand,Export,,,,,,,,1000000,1000000,0,,,0,2000000,5000000,3000000,,,,,,1000000,2000000,,10000000,7000000,0,,,,,34000000,4000000,,3000000,,,10000000,,1000000,1000000,,1000000,,1000000,0,,,,,
Nicaragua,Export,,,,,,,,,,,,,,,,,,,,,,,,,,,,,,4000000,5000000,,76000000,21000000,,5000000,,,,,,,,,,,,,,,
Niger,Export,,,,,,,,,,,,,,0,,,,,,,,,,,,,,,,,,,,,,,,,,,,,,,,,,,,,
Nigeria,Export,,,,,,,,,,,,,,,,,,,,,,,,,,,,,,3000000,6000000,,,,,,,,,,,,,,,,,,,,
Northern Mariana Islands,Export,,,,,,,,,,,,,,,,,,,,,,,,,,,,,,,,,,,,,,,,,,,,,,,,,,,
Norway,Export,33000000,,25000000,55000000,67000000,65000000,80000000,140000000,65000000,50000000,,8000000,15000000,8000000,,8000000,8000000,8000000,93000000,161000000,158000000,278000000,68000000,35000000,,42000000,29000000,54000000,34000000,124000000,82000000,167000000,75000000,51000000,88000000,21000000,9000000,19000000,3000000,5000000,3000000,42000000,99000000,99000000,80000000,12000000,17000000,55000000,107000000,128000000,141000000
Oman,Export,,,,,,,,,,,,,,,,,,6000000,,,,,,,,,5000000,,,,,,,,1000000,,,,,,,,,,,1000000,,,,,
Pakistan,Export,,,,,,,,5000000,,,,3000000,,,,,,,,,15000000,30000000,30000000,,,,,,,1000000,92000000,3000000,,,2000000,,,,,,3000000,1000000,9000000,8000000,9000000,22000000,4000000,,,,
Palau,Export,,,,,,,,,,,,,,,,,,,,,,,,,,,,,,,,,,,,,,,,,,,,,,,,,,,
Panama,Export,,,,,,,,,,,,,,,,,,,,2000000,,,,,,,,,,,,,,,,,,,,,,,,,,,,,,,
Papua New Guinea,Export,,,,,,,,,,,,,,,,,,,,,,,,,,,,,,,,,,,,,,,,,,,,,,,,,,,
Paraguay,Export,,,,,,,,,,,,,,,,,,,,,,,,,,,,,,,,,,,,,,,,,,,,,,,,,,,
Peru,Export,,,,,,,,,,,,,,,,,,,,,,,53000000,,,,,,,,,,,,,,,,,,,14000000,,,5000000,,,,,,
Philippines,Export,,,,,,,,,,,,,,,,,,,,,,,,,,,1000000,,,,,,,,,,,,,,,,,,,,,4000000,,,
Poland,Export,5000000,5000000,12000000,86000000,193000000,190000000,262000000,265000000,244000000,279000000,224000000,227000000,228000000,158000000,228000000,286000000,381000000,349000000,280000000,195000000,180000000,312000000,183000000,88000000,60000000,85000000,258000000,218000000,257000000,20000000,86000000,69000000,49000000,,131000000,176000000,46000000,21000000,1000000,67000000,45000000,75000000,47000000,72000000,43000000,17000000,253000000,162000000,76000000,81000000,8000000
Portugal,Export,,,,,,,,2000000,,,,3000000,,5000000,11000000,86000000,16000000,,9000000,3000000,2000000,,,1000000,,,1000000,,,98000000,,,,1000000,,,,,,,,,,,,,,,87000000,46000000,0
Puerto Rico,Export,,,,,,,,,,,,,,,,,,,,,,,,,,,,,,,,,,,,,,,,,,,,,,,,,,,
Qatar,Export,,,,,,,,,,,,,,,,,,,,,,,,,,,,,,,,,,35000000,56000000,,,40000000,,9000000,,,,,,,6000000,,,,
Romania,Export,,,,,,,,,,,,6000000,9000000,9000000,1000000,,,,27000000,55000000,61000000,43000000,105000000,116000000,187000000,114000000,43000000,49000000,67000000,45000000,11000000,6000000,13000000,16000000,30000000,7000000,4000000,12000000,2000000,19000000,3000000,,,24000000,,2000000,8000000,32000000,,4000000,
Russia,Export,,,,,,,,,,,,,,,,,,,,,,,,,,,,,,,,,2700000000,3477000000,1552000000,3812000000,3508000000,2966000000,1966000000,4043000000,3960000000,5896000000,5705000000,5236000000,6178000000,5134000000,5095000000,5426000000,5953000000,5575000000,6039000000
Rwanda,Export,,,,,,,,,,,,,,,,,,,,,,,,,,,,,,,,,,,,,,,,,,,,,,,,,,,
Saint Kitts and Nevis,Export,,,,,,,,,,,,,,,,,,,,,,,,,,,,,,,,,,,,,,,,,,,,,,,,,,,
Saint Lucia,Export,,,,,,,,,,,,,,,,,,,,,,,,,,,,,,,,,,,,,,,,,,,,,,,,,,,
Saint Martin,Export,,,,,,,,,,,,,,,,,,,,,,,,,,,,,,,,,,,,,,,,,,,,,,,,,,,
Saint Vincent and the Grenadines,Export,,,,,,,,,,,,,,,,,,,,,,,,,,,,,,,,,,,,,,,,,,,,,,,,,,,
Samoa,Export,,,,,,,,,,,,,,,,,,,,,,,,,,,,,,,,,,,,,,,,,,,,,,,,,,,
San Marino,Export,,,,,,,,,,,,,,,,,,,,,,,,,,,,,,,,,,,,,,,,,,,,,,,,,,,
Sao Tome and Principe,Export,,,,,,,,,,,,,,,,,,,,,,,,,,,,,,,,,,,,,,,,,,,,,,,,,,,
Saudi Arabia,Export,,,,,,,,4000000,3000000,,,,2000000,,,,1000000,13000000,,,,33000000,,,3000000,9000000,,,,,,,,13000000,,,2000000,,,,,,,,,,,,,,58000000
Senegal,Export,,,,,,,,,,,,,,,,,3000000,,,,,,,,,,,,,,,,,,,,,,,,,,,,,,,,,,
Serbia,Export,,,,,,,,,,,,,,,,,,,,,,,,,,,,,,,,,,,,,22000000,5000000,,,,9000000,,,,,4000000,4000000,36000000,1000000,5000000
Seychelles,Export,,,,,,,,,,,,,,,,,,,,,,,,,,,,,,,,,,,,,,,,,,,,,,,,,,,
Sierra Leone,Export,,,,,,,,,,,,,,,,,,,,,,,,,,,,,,,,,,,,,,,,,,,,,,,,,,,
Singapore,Export,,,,,,,,,,,,2000000,,,,15000000,,,30000000,71000000,,15000000,,24000000,93000000,,,106000000,30000000,111000000,68000000,4000000,80000000,29000000,29000000,,0,87000000,42000000,10000000,10000000,,2000000,,66000000,3000000,,,,46000000,27000000
Slovak Republic,Export,,,,,,,,,,,,,,,,,,,,,,,,,,,,,,,,,,148000000,10000000,91000000,54000000,54000000,10000000,126000000,37000000,53000000,33000000,,48000000,,7000000,18000000,8000000,,
Slovenia,Export,,,,,,,,,,,,,,,,,,,,,,,,,,,,,,,,,,,,,,,,,,,,,,,,,,,
Solomon Islands,Export,,,,,,,,,,,,,,,,,,,,,,,,,,,,,,,,,,,,,,,,,,,,,,,,,,,
Somalia,Export,,,,,,,,,,,,,,,,,,,,,,,,,,,,,,,,,,,,,,,,,,,,,,,,,,,
South Africa,Export,68000000,68000000,,,,,,4000000,4000000,,3000000,5000000,12000000,1000000,2000000,18000000,16000000,0,,,39000000,39000000,1000000,,,48000000,48000000,50000000,50000000,0,,52000000,69000000,49000000,10000000,16000000,28000000,7000000,24000000,22000000,19000000,32000000,16000000,43000000,71000000,26000000,137000000,153000000,164000000,165000000,80000000
Spain,Export,4000000,14000000,18000000,18000000,21000000,35000000,35000000,21000000,21000000,18000000,70000000,140000000,4000000,4000000,84000000,264000000,46000000,25000000,38000000,22000000,10000000,130000000,307000000,249000000,262000000,76000000,138000000,137000000,151000000,223000000,114000000,100000000,82000000,101000000,204000000,82000000,114000000,638000000,164000000,30000000,46000000,7000000,120000000,150000000,56000000,108000000,843000000,590000000,610000000,998000000,513000000
Sri Lanka,Export,,,,,,,,,,,,,,,,,,,,,,,,,,,,,,,,,,,,,,,,,,,,,,,,,,,
Sudan,Export,,,,,,,,2000000,,,,,,,,,,,,,,,,,,,4000000,,,,,,,,,,,,,,,,,,,,,,,,
Suriname,Export,,,,,,,,,,,,,,,,,,,,,,,,,,,,,,,,,,,,,,,,,,,,,,,,,,,
Swaziland,Export,,,,,,,,,,,,,,,,,,,,,,,,,,,,,,,,,,,,,,,,,,,,,,,,,,,
Sweden,Export,52000000,34000000,35000000,23000000,31000000,32000000,41000000,40000000,60000000,36000000,262000000,530000000,130000000,16000000,76000000,125000000,64000000,46000000,50000000,278000000,151000000,144000000,126000000,114000000,226000000,205000000,332000000,273000000,522000000,405000000,267000000,185000000,176000000,117000000,127000000,193000000,336000000,98000000,321000000,377000000,379000000,880000000,191000000,526000000,314000000,538000000,432000000,366000000,454000000,383000000,806000000
Switzerland,Export,432000000,500000000,528000000,328000000,370000000,482000000,359000000,253000000,87000000,100000000,13000000,25000000,17000000,21000000,37000000,308000000,337000000,279000000,232000000,421000000,524000000,552000000,395000000,308000000,499000000,329000000,238000000,274000000,296000000,236000000,365000000,393000000,356000000,174000000,133000000,139000000,179000000,113000000,207000000,273000000,174000000,193000000,157000000,181000000,243000000,246000000,285000000,301000000,482000000,255000000,137000000
Syria,Export,,,,,,,,,,,14000000,,,,2000000,2000000,,0,,,,,177000000,46000000,2000000,29000000,31000000,,15000000,,,,40000000,40000000,,,0,0,,,,,,,,,3000000,,,25000000,25000000
Tajikistan,Export,,,,,,,,,,,,,,,,,,,,,,,,,,,,,,,,,,,,,,,,,,,,,,,,,,,
Tanzania,Export,,,,,,,,,,,,,,,,,,,,,,,,,,,,,,,,,,,,,,,,,,,,,,,,,,,
Thailand,Export,,,,,,,,,,,,,,,,,,,,,,,,,,,,,,,,,,,,,,,,,,,,8000000,8000000,,,,,,
Timor-Leste,Export,,,,,,,,,,,,,,,,,,,,,,,,,,,,,,,,,,,,,,,,,,,,,,,,,,,
Togo,Export,,,,,,,,,,,,,,,,,,,,,,,,,,,,,,,,,,,,,,,,,,,,,,,,,,,
Tonga,Export,,,,,,,,,,,,,,,,,,,,,,,,,,,,,,,,,,,,,,,,,,,,,,,,,,,
Trinidad and Tobago,Export,,,,,,,,,,,,,,,,,,,,,,,,,,,,,,,,,,,,,,,,,,,,,,,,,,,
Tunisia,Export,,,,,,,,,,,,,,,,,,,,,,,,,,,,,,,,,,,,,,,,,,,,,,,,,,,
Turkey,Export,,,,,,,,,,,,,,,,,,,,,18000000,9000000,,,,,,,,,,,,,,3000000,3000000,0,3000000,38000000,15000000,5000000,23000000,38000000,25000000,47000000,61000000,37000000,65000000,46000000,31000000
Turkmenistan,Export,,,,,,,,,,,,,,,,,,,,,,,,,,,,,,,,,,,,,,,,,,,,,,,,,,,
Turks and Caicos Islands,Export,,,,,,,,,,,,,,,,,,,,,,,,,,,,,,,,,,,,,,,,,,,,,,,,,,,
Tuvalu,Export,,,,,,,,,,,,,,,,,,,,,,,,,,,,,,,,,,,,,,,,,,,,,,,,,,,
Uganda,Export,,,,,,,,,,,,,,,,,,,,,,,,,,,,,,,,,,,,,,,,,,,,,,,,,,,
Ukraine,Export,,,,,,,,,,,,,,,,,,,,,,,,,,,,,,,,,216000000,209000000,287000000,208000000,193000000,561000000,721000000,775000000,280000000,700000000,311000000,442000000,200000000,290000000,553000000,728000000,330000000,320000000,201000000
United Arab Emirates,Export,,,,,,,,,,,,,,,8000000,,,,,,,,,14000000,,,,1000000,,,2000000,,,,,28000000,5000000,32000000,,,,,,,3000000,11000000,12000000,3000000,,,37000000
United Kingdom,Export,1942000000,1083000000,1167000000,986000000,1270000000,1425000000,1357000000,2225000000,1582000000,1893000000,908000000,2247000000,2378000000,2714000000,2388000000,2191000000,2360000000,2232000000,2028000000,1427000000,1659000000,2351000000,2453000000,2411000000,2464000000,2090000000,1929000000,3327000000,2339000000,3325000000,1900000000,1495000000,1203000000,1469000000,1516000000,1520000000,1636000000,2411000000,1374000000,1331000000,1606000000,1368000000,1068000000,741000000,1316000000,1039000000,855000000,1018000000,982000000,1022000000,1054000000
United States,Export,6096000000,6679000000,5742000000,9364000000,12570000000,11467000000,8528000000,7435000000,8385000000,11589000000,9069000000,11156000000,10199000000,12288000000,11968000000,15950000000,15819000000,15726000000,14896000000,10081000000,11083000000,13895000000,14209000000,13726000000,11497000000,10493000000,11544000000,12310000000,11811000000,11320000000,10647000000,12632000000,14113000000,14456000000,11781000000,11400000000,11197000000,14612000000,16176000000,11599000000,7398000000,5908000000,5229000000,5698000000,6866000000,6700000000,7453000000,8003000000,6288000000,6658000000,8641000000
Uruguay,Export,6000000,,,,,,,,,,,,,,,,,,,,,,,,,,,,,,,,,,,,,,,,1000000,,,,,,,,,,
Uzbekistan,Export,,,,,,,,,,,,,,,,,,,,,,,,,,,,,,,,,,,,,,,,,,,,252000000,126000000,4000000,,,,90000000,90000000
Vanuatu,Export,,,,,,,,,,,,,,,,,,,,,,,,,,,,,,,,,,,,,,,,,,,,,,,,,,,
Venezuela,Export,,,,,,,,,,17000000,,,,,,12000000,,,,,,,,,,,,0,,,,,,,,,,,,,,,,,1000000,,7000000,,3000000,40000000,
Vietnam,Export,,,,,,,,,,,,,5000000,,,,,,,,,,,,,,,,,,,,,,,,,,,,,,,,,,12000000,,,,
Virgin Islands (U.S.),Export,,,,,,,,,,,,,,,,,,,,,,,,,,,,,,,,,,,,,,,,,,,,,,,,,,,
"Yemen, Rep.",Export,,,,,,,,,,,,,,,,,,,,,,,,,,,,,,,,,,,,,,,,,,,,,,,,,,,
Zambia,Export,,,,,,,,,,,,,,,,,,,,,,,,,,,,,,,2000000,,,,,,,,,,,,,,,,,,,,
Zimbabwe,Export,,,,,7000000,,,,,,,,,,,,,,,,,,,,,,,,,,,,,,,,,,,,,3000000,,,,,,,,,